CIK,Company_Names,Form_Type,Date_Filed,Filename,year,quarter
1652044,Alphabet Inc.,10-Q,2015-10-29,"edgar/data/1652044/0001652044-15-000005.txt
",2015,QTR4
1652044,Alphabet Inc.,4,2015-10-08,"edgar/data/1652044/0001127602-15-028912.txt
",2015,QTR4
1652044,Alphabet Inc.,4,2015-10-13,"edgar/data/1652044/0001127602-15-029005.txt
",2015,QTR4
1652044,Alphabet Inc.,4,2015-10-15,"edgar/data/1652044/0001127602-15-029105.txt
",2015,QTR4
1652044,Alphabet Inc.,4,2015-10-20,"edgar/data/1652044/0001127602-15-029361.txt
",2015,QTR4
1652044,Alphabet Inc.,4,2015-10-21,"edgar/data/1652044/0001127602-15-029423.txt
",2015,QTR4
1652044,Alphabet Inc.,4,2015-10-21,"edgar/data/1652044/0001127602-15-029425.txt
",2015,QTR4
1652044,Alphabet Inc.,4,2015-10-23,"edgar/data/1652044/0001127602-15-029517.txt
",2015,QTR4
1652044,Alphabet Inc.,4,2015-10-26,"edgar/data/1652044/0001127602-15-029577.txt
",2015,QTR4
1652044,Alphabet Inc.,4,2015-10-27,"edgar/data/1652044/0001127602-15-029635.txt
",2015,QTR4
1652044,Alphabet Inc.,4,2015-10-27,"edgar/data/1652044/0001127602-15-029637.txt
",2015,QTR4
1652044,Alphabet Inc.,4,2015-10-28,"edgar/data/1652044/0001127602-15-029668.txt
",2015,QTR4
1652044,Alphabet Inc.,4,2015-10-28,"edgar/data/1652044/0001127602-15-029676.txt
",2015,QTR4
1652044,Alphabet Inc.,4,2015-10-29,"edgar/data/1652044/0001127602-15-029790.txt
",2015,QTR4
1652044,Alphabet Inc.,4,2015-10-30,"edgar/data/1652044/0001127602-15-029843.txt
",2015,QTR4
1652044,Alphabet Inc.,4,2015-11-02,"edgar/data/1652044/0001127602-15-029993.txt
",2015,QTR4
1652044,Alphabet Inc.,4,2015-11-03,"edgar/data/1652044/0001127602-15-030231.txt
",2015,QTR4
1652044,Alphabet Inc.,4,2015-11-09,"edgar/data/1652044/0001127602-15-030903.txt
",2015,QTR4
1652044,Alphabet Inc.,4,2015-11-13,"edgar/data/1652044/0001127602-15-031345.txt
",2015,QTR4
1652044,Alphabet Inc.,4,2015-11-16,"edgar/data/1652044/0001127602-15-031567.txt
",2015,QTR4
1652044,Alphabet Inc.,4,2015-11-16,"edgar/data/1652044/0001127602-15-031573.txt
",2015,QTR4
1652044,Alphabet Inc.,4,2015-11-18,"edgar/data/1652044/0001127602-15-031802.txt
",2015,QTR4
1652044,Alphabet Inc.,4,2015-11-19,"edgar/data/1652044/0001127602-15-032033.txt
",2015,QTR4
1652044,Alphabet Inc.,4,2015-11-20,"edgar/data/1652044/0001127602-15-032220.txt
",2015,QTR4
1652044,Alphabet Inc.,4,2015-11-24,"edgar/data/1652044/0001127602-15-032493.txt
",2015,QTR4
1652044,Alphabet Inc.,4,2015-11-24,"edgar/data/1652044/0001127602-15-032529.txt
",2015,QTR4
1652044,Alphabet Inc.,4,2015-11-25,"edgar/data/1652044/0001127602-15-032613.txt
",2015,QTR4
1652044,Alphabet Inc.,4,2015-11-25,"edgar/data/1652044/0001127602-15-032615.txt
",2015,QTR4
1652044,Alphabet Inc.,4,2015-11-27,"edgar/data/1652044/0001127602-15-032636.txt
",2015,QTR4
1652044,Alphabet Inc.,4,2015-11-30,"edgar/data/1652044/0001127602-15-032717.txt
",2015,QTR4
1652044,Alphabet Inc.,4,2015-11-30,"edgar/data/1652044/0001127602-15-032721.txt
",2015,QTR4
1652044,Alphabet Inc.,4,2015-11-30,"edgar/data/1652044/0001127602-15-032751.txt
",2015,QTR4
1652044,Alphabet Inc.,4,2015-11-30,"edgar/data/1652044/0001127602-15-032759.txt
",2015,QTR4
1652044,Alphabet Inc.,4,2015-12-01,"edgar/data/1652044/0001127602-15-032877.txt
",2015,QTR4
1652044,Alphabet Inc.,4,2015-12-09,"edgar/data/1652044/0001127602-15-033619.txt
",2015,QTR4
1652044,Alphabet Inc.,4,2015-12-09,"edgar/data/1652044/0001127602-15-033621.txt
",2015,QTR4
1652044,Alphabet Inc.,4,2015-12-15,"edgar/data/1652044/0001127602-15-034181.txt
",2015,QTR4
1652044,Alphabet Inc.,4,2015-12-16,"edgar/data/1652044/0001127602-15-034338.txt
",2015,QTR4
1652044,Alphabet Inc.,4,2015-12-21,"edgar/data/1652044/0001127602-15-034738.txt
",2015,QTR4
1652044,Alphabet Inc.,4,2015-12-23,"edgar/data/1652044/0001127602-15-034858.txt
",2015,QTR4
1652044,Alphabet Inc.,4,2015-12-23,"edgar/data/1652044/0001127602-15-034881.txt
",2015,QTR4
1652044,Alphabet Inc.,4,2015-12-24,"edgar/data/1652044/0001127602-15-034892.txt
",2015,QTR4
1652044,Alphabet Inc.,4,2015-12-28,"edgar/data/1652044/0001127602-15-035002.txt
",2015,QTR4
1652044,Alphabet Inc.,4,2015-12-28,"edgar/data/1652044/0001127602-15-035013.txt
",2015,QTR4
1652044,Alphabet Inc.,4,2015-12-29,"edgar/data/1652044/0001127602-15-035033.txt
",2015,QTR4
1652044,Alphabet Inc.,4,2015-12-29,"edgar/data/1652044/0001127602-15-035035.txt
",2015,QTR4
1652044,Alphabet Inc.,4,2015-12-29,"edgar/data/1652044/0001127602-15-035037.txt
",2015,QTR4
1652044,Alphabet Inc.,4,2015-12-30,"edgar/data/1652044/0001127602-15-035119.txt
",2015,QTR4
1652044,Alphabet Inc.,4,2015-12-31,"edgar/data/1652044/0001127602-15-035163.txt
",2015,QTR4
1652044,Alphabet Inc.,4,2015-12-31,"edgar/data/1652044/0001127602-15-035209.txt
",2015,QTR4
1652044,Alphabet Inc.,8-K12B,2015-10-02,"edgar/data/1652044/0001193125-15-336577.txt
",2015,QTR4
1652044,Alphabet Inc.,8-K,2015-10-22,"edgar/data/1652044/0001652044-15-000003.txt
",2015,QTR4
1652044,Alphabet Inc.,8-K,2015-11-19,"edgar/data/1652044/0001652044-15-000007.txt
",2015,QTR4
1652044,Alphabet Inc.,S-8,2015-10-02,"edgar/data/1652044/0001193125-15-336635.txt
",2015,QTR4
1652044,Alphabet Inc.,10-K/A,2016-03-29,"edgar/data/1652044/0001193125-16-520367.txt
",2016,QTR1
1652044,Alphabet Inc.,10-K,2016-02-11,"edgar/data/1652044/0001652044-16-000012.txt
",2016,QTR1
1652044,Alphabet Inc.,3/A,2016-02-25,"edgar/data/1652044/0001127602-16-043334.txt
",2016,QTR1
1652044,Alphabet Inc.,3,2016-02-24,"edgar/data/1652044/0001127602-16-043152.txt
",2016,QTR1
1652044,Alphabet Inc.,4,2016-01-04,"edgar/data/1652044/0001127602-16-035238.txt
",2016,QTR1
1652044,Alphabet Inc.,4,2016-01-04,"edgar/data/1652044/0001127602-16-035517.txt
",2016,QTR1
1652044,Alphabet Inc.,4,2016-01-05,"edgar/data/1652044/0001127602-16-036173.txt
",2016,QTR1
1652044,Alphabet Inc.,4,2016-01-12,"edgar/data/1652044/0001127602-16-036781.txt
",2016,QTR1
1652044,Alphabet Inc.,4,2016-01-19,"edgar/data/1652044/0001127602-16-037235.txt
",2016,QTR1
1652044,Alphabet Inc.,4,2016-01-27,"edgar/data/1652044/0001127602-16-038072.txt
",2016,QTR1
1652044,Alphabet Inc.,4,2016-01-27,"edgar/data/1652044/0001127602-16-038123.txt
",2016,QTR1
1652044,Alphabet Inc.,4,2016-01-27,"edgar/data/1652044/0001127602-16-038125.txt
",2016,QTR1
1652044,Alphabet Inc.,4,2016-02-01,"edgar/data/1652044/0001127602-16-038859.txt
",2016,QTR1
1652044,Alphabet Inc.,4,2016-02-04,"edgar/data/1652044/0001127602-16-039631.txt
",2016,QTR1
1652044,Alphabet Inc.,4,2016-02-04,"edgar/data/1652044/0001127602-16-039639.txt
",2016,QTR1
1652044,Alphabet Inc.,4,2016-02-05,"edgar/data/1652044/0001127602-16-039900.txt
",2016,QTR1
1652044,Alphabet Inc.,4,2016-02-05,"edgar/data/1652044/0001127602-16-039902.txt
",2016,QTR1
1652044,Alphabet Inc.,4,2016-02-05,"edgar/data/1652044/0001127602-16-039904.txt
",2016,QTR1
1652044,Alphabet Inc.,4,2016-02-05,"edgar/data/1652044/0001127602-16-039906.txt
",2016,QTR1
1652044,Alphabet Inc.,4,2016-02-05,"edgar/data/1652044/0001127602-16-039908.txt
",2016,QTR1
1652044,Alphabet Inc.,4,2016-02-05,"edgar/data/1652044/0001127602-16-039910.txt
",2016,QTR1
1652044,Alphabet Inc.,4,2016-02-05,"edgar/data/1652044/0001127602-16-039912.txt
",2016,QTR1
1652044,Alphabet Inc.,4,2016-02-08,"edgar/data/1652044/0001127602-16-039974.txt
",2016,QTR1
1652044,Alphabet Inc.,4,2016-02-08,"edgar/data/1652044/0001127602-16-039976.txt
",2016,QTR1
1652044,Alphabet Inc.,4,2016-02-09,"edgar/data/1652044/0001127602-16-040294.txt
",2016,QTR1
1652044,Alphabet Inc.,4,2016-02-09,"edgar/data/1652044/0001127602-16-040298.txt
",2016,QTR1
1652044,Alphabet Inc.,4,2016-02-10,"edgar/data/1652044/0001127602-16-040393.txt
",2016,QTR1
1652044,Alphabet Inc.,4,2016-02-10,"edgar/data/1652044/0001127602-16-040398.txt
",2016,QTR1
1652044,Alphabet Inc.,4,2016-02-11,"edgar/data/1652044/0001127602-16-040752.txt
",2016,QTR1
1652044,Alphabet Inc.,4,2016-02-11,"edgar/data/1652044/0001127602-16-040754.txt
",2016,QTR1
1652044,Alphabet Inc.,4,2016-02-12,"edgar/data/1652044/0001127602-16-040896.txt
",2016,QTR1
1652044,Alphabet Inc.,4,2016-02-12,"edgar/data/1652044/0001127602-16-041057.txt
",2016,QTR1
1652044,Alphabet Inc.,4,2016-02-12,"edgar/data/1652044/0001127602-16-041059.txt
",2016,QTR1
1652044,Alphabet Inc.,4,2016-02-12,"edgar/data/1652044/0001127602-16-041069.txt
",2016,QTR1
1652044,Alphabet Inc.,4,2016-02-16,"edgar/data/1652044/0001127602-16-041528.txt
",2016,QTR1
1652044,Alphabet Inc.,4,2016-02-16,"edgar/data/1652044/0001127602-16-041536.txt
",2016,QTR1
1652044,Alphabet Inc.,4,2016-02-17,"edgar/data/1652044/0001127602-16-041706.txt
",2016,QTR1
1652044,Alphabet Inc.,4,2016-02-19,"edgar/data/1652044/0001127602-16-042345.txt
",2016,QTR1
1652044,Alphabet Inc.,4,2016-02-19,"edgar/data/1652044/0001127602-16-042482.txt
",2016,QTR1
1652044,Alphabet Inc.,4,2016-02-23,"edgar/data/1652044/0001127602-16-042879.txt
",2016,QTR1
1652044,Alphabet Inc.,4,2016-02-25,"edgar/data/1652044/0001127602-16-043422.txt
",2016,QTR1
1652044,Alphabet Inc.,4,2016-02-26,"edgar/data/1652044/0001127602-16-043666.txt
",2016,QTR1
1652044,Alphabet Inc.,4,2016-02-26,"edgar/data/1652044/0001127602-16-043674.txt
",2016,QTR1
1652044,Alphabet Inc.,4,2016-02-29,"edgar/data/1652044/0001127602-16-043874.txt
",2016,QTR1
1652044,Alphabet Inc.,4,2016-02-29,"edgar/data/1652044/0001127602-16-043936.txt
",2016,QTR1
1652044,Alphabet Inc.,4,2016-02-29,"edgar/data/1652044/0001127602-16-043945.txt
",2016,QTR1
1652044,Alphabet Inc.,4,2016-02-29,"edgar/data/1652044/0001127602-16-043949.txt
",2016,QTR1
1652044,Alphabet Inc.,4,2016-02-29,"edgar/data/1652044/0001127602-16-043980.txt
",2016,QTR1
1652044,Alphabet Inc.,4,2016-03-01,"edgar/data/1652044/0001127602-16-044071.txt
",2016,QTR1
1652044,Alphabet Inc.,4,2016-03-01,"edgar/data/1652044/0001127602-16-044316.txt
",2016,QTR1
1652044,Alphabet Inc.,4,2016-03-03,"edgar/data/1652044/0001127602-16-044759.txt
",2016,QTR1
1652044,Alphabet Inc.,4,2016-03-03,"edgar/data/1652044/0001127602-16-044768.txt
",2016,QTR1
1652044,Alphabet Inc.,4,2016-03-03,"edgar/data/1652044/0001127602-16-044774.txt
",2016,QTR1
1652044,Alphabet Inc.,4,2016-03-04,"edgar/data/1652044/0001127602-16-045096.txt
",2016,QTR1
1652044,Alphabet Inc.,4,2016-03-04,"edgar/data/1652044/0001127602-16-045137.txt
",2016,QTR1
1652044,Alphabet Inc.,4,2016-03-07,"edgar/data/1652044/0001127602-16-045371.txt
",2016,QTR1
1652044,Alphabet Inc.,4,2016-03-08,"edgar/data/1652044/0001127602-16-045600.txt
",2016,QTR1
1652044,Alphabet Inc.,4,2016-03-14,"edgar/data/1652044/0001127602-16-046202.txt
",2016,QTR1
1652044,Alphabet Inc.,4,2016-03-16,"edgar/data/1652044/0001127602-16-046610.txt
",2016,QTR1
1652044,Alphabet Inc.,4,2016-03-22,"edgar/data/1652044/0001127602-16-047230.txt
",2016,QTR1
1652044,Alphabet Inc.,4,2016-03-24,"edgar/data/1652044/0001127602-16-047531.txt
",2016,QTR1
1652044,Alphabet Inc.,4,2016-03-24,"edgar/data/1652044/0001127602-16-047535.txt
",2016,QTR1
1652044,Alphabet Inc.,4,2016-03-28,"edgar/data/1652044/0001127602-16-047686.txt
",2016,QTR1
1652044,Alphabet Inc.,4,2016-03-29,"edgar/data/1652044/0001127602-16-047750.txt
",2016,QTR1
1652044,Alphabet Inc.,4,2016-03-29,"edgar/data/1652044/0001127602-16-047752.txt
",2016,QTR1
1652044,Alphabet Inc.,4,2016-03-29,"edgar/data/1652044/0001127602-16-047759.txt
",2016,QTR1
1652044,Alphabet Inc.,4,2016-03-30,"edgar/data/1652044/0001127602-16-047775.txt
",2016,QTR1
1652044,Alphabet Inc.,4,2016-03-30,"edgar/data/1652044/0001127602-16-047778.txt
",2016,QTR1
1652044,Alphabet Inc.,4,2016-03-30,"edgar/data/1652044/0001127602-16-047780.txt
",2016,QTR1
1652044,Alphabet Inc.,4,2016-03-30,"edgar/data/1652044/0001127602-16-047865.txt
",2016,QTR1
1652044,Alphabet Inc.,4,2016-03-31,"edgar/data/1652044/0001127602-16-047985.txt
",2016,QTR1
1652044,Alphabet Inc.,4,2016-03-31,"edgar/data/1652044/0001127602-16-047987.txt
",2016,QTR1
1652044,Alphabet Inc.,5,2016-02-11,"edgar/data/1652044/0001127602-16-040756.txt
",2016,QTR1
1652044,Alphabet Inc.,5,2016-02-11,"edgar/data/1652044/0001127602-16-040758.txt
",2016,QTR1
1652044,Alphabet Inc.,5,2016-02-11,"edgar/data/1652044/0001127602-16-040760.txt
",2016,QTR1
1652044,Alphabet Inc.,5,2016-02-11,"edgar/data/1652044/0001127602-16-040762.txt
",2016,QTR1
1652044,Alphabet Inc.,5,2016-02-11,"edgar/data/1652044/0001127602-16-040766.txt
",2016,QTR1
1652044,Alphabet Inc.,5,2016-02-11,"edgar/data/1652044/0001127602-16-040768.txt
",2016,QTR1
1652044,Alphabet Inc.,5,2016-02-12,"edgar/data/1652044/0001127602-16-041073.txt
",2016,QTR1
1652044,Alphabet Inc.,8-K,2016-02-01,"edgar/data/1652044/0001652044-16-000010.txt
",2016,QTR1
1652044,Alphabet Inc.,D,2016-01-04,"edgar/data/1652044/0000903423-16-000722.txt
",2016,QTR1
1652044,Alphabet Inc.,S-3ASR,2016-02-12,"edgar/data/1652044/0001193125-16-462349.txt
",2016,QTR1
1652044,Alphabet Inc.,S-3ASR,2016-02-12,"edgar/data/1652044/0001193125-16-462591.txt
",2016,QTR1
1652044,Alphabet Inc.,S-4/A,2016-03-29,"edgar/data/1652044/0001193125-16-521414.txt
",2016,QTR1
1652044,Alphabet Inc.,S-4,2016-02-12,"edgar/data/1652044/0001193125-16-462492.txt
",2016,QTR1
1652044,Alphabet Inc.,SC 13G/A,2016-02-11,"edgar/data/1652044/0001193125-16-459851.txt
",2016,QTR1
1652044,Alphabet Inc.,SC 13G/A,2016-02-11,"edgar/data/1652044/0001193125-16-459860.txt
",2016,QTR1
1652044,Alphabet Inc.,SC 13G,2016-01-28,"edgar/data/1652044/0000215457-16-004467.txt
",2016,QTR1
1652044,Alphabet Inc.,SC 13G,2016-02-10,"edgar/data/1652044/0000932471-16-011172.txt
",2016,QTR1
1652044,Alphabet Inc.,SC 13G,2016-02-10,"edgar/data/1652044/0000932471-16-011177.txt
",2016,QTR1
1652044,Alphabet Inc.,SC 13G,2016-02-12,"edgar/data/1652044/0000315066-16-004878.txt
",2016,QTR1
1652044,Alphabet Inc.,SC 13G,2016-02-12,"edgar/data/1652044/0001193125-16-460514.txt
",2016,QTR1
1652044,Alphabet Inc.,10-Q,2016-05-03,"edgar/data/1652044/0001652044-16-000021.txt
",2016,QTR2
1652044,Alphabet Inc.,3,2016-06-29,"edgar/data/1652044/0001127602-16-056467.txt
",2016,QTR2
1652044,Alphabet Inc.,4/A,2016-05-04,"edgar/data/1652044/0001127602-16-051163.txt
",2016,QTR2
1652044,Alphabet Inc.,424B3,2016-04-07,"edgar/data/1652044/0001193125-16-533744.txt
",2016,QTR2
1652044,Alphabet Inc.,425,2016-04-12,"edgar/data/1652044/0001193125-16-537994.txt
",2016,QTR2
1652044,Alphabet Inc.,425,2016-04-12,"edgar/data/1652044/0001193125-16-537999.txt
",2016,QTR2
1652044,Alphabet Inc.,425,2016-04-26,"edgar/data/1652044/0001193125-16-555229.txt
",2016,QTR2
1652044,Alphabet Inc.,425,2016-04-27,"edgar/data/1652044/0001193125-16-559673.txt
",2016,QTR2
1652044,Alphabet Inc.,4,2016-04-01,"edgar/data/1652044/0001127602-16-048191.txt
",2016,QTR2
1652044,Alphabet Inc.,4,2016-04-05,"edgar/data/1652044/0001127602-16-048913.txt
",2016,QTR2
1652044,Alphabet Inc.,4,2016-04-06,"edgar/data/1652044/0001127602-16-048923.txt
",2016,QTR2
1652044,Alphabet Inc.,4,2016-04-06,"edgar/data/1652044/0001127602-16-048945.txt
",2016,QTR2
1652044,Alphabet Inc.,4,2016-04-12,"edgar/data/1652044/0001127602-16-049160.txt
",2016,QTR2
1652044,Alphabet Inc.,4,2016-04-20,"edgar/data/1652044/0001127602-16-049612.txt
",2016,QTR2
1652044,Alphabet Inc.,4,2016-04-26,"edgar/data/1652044/0001127602-16-049913.txt
",2016,QTR2
1652044,Alphabet Inc.,4,2016-04-27,"edgar/data/1652044/0001127602-16-049980.txt
",2016,QTR2
1652044,Alphabet Inc.,4,2016-04-27,"edgar/data/1652044/0001127602-16-049984.txt
",2016,QTR2
1652044,Alphabet Inc.,4,2016-04-27,"edgar/data/1652044/0001127602-16-049986.txt
",2016,QTR2
1652044,Alphabet Inc.,4,2016-04-27,"edgar/data/1652044/0001127602-16-049988.txt
",2016,QTR2
1652044,Alphabet Inc.,4,2016-04-28,"edgar/data/1652044/0001127602-16-050134.txt
",2016,QTR2
1652044,Alphabet Inc.,4,2016-04-28,"edgar/data/1652044/0001127602-16-050147.txt
",2016,QTR2
1652044,Alphabet Inc.,4,2016-04-28,"edgar/data/1652044/0001127602-16-050213.txt
",2016,QTR2
1652044,Alphabet Inc.,4,2016-04-29,"edgar/data/1652044/0001127602-16-050342.txt
",2016,QTR2
1652044,Alphabet Inc.,4,2016-05-02,"edgar/data/1652044/0001127602-16-050593.txt
",2016,QTR2
1652044,Alphabet Inc.,4,2016-05-02,"edgar/data/1652044/0001127602-16-050609.txt
",2016,QTR2
1652044,Alphabet Inc.,4,2016-05-03,"edgar/data/1652044/0001127602-16-050937.txt
",2016,QTR2
1652044,Alphabet Inc.,4,2016-05-04,"edgar/data/1652044/0001127602-16-051148.txt
",2016,QTR2
1652044,Alphabet Inc.,4,2016-05-04,"edgar/data/1652044/0001127602-16-051151.txt
",2016,QTR2
1652044,Alphabet Inc.,4,2016-05-05,"edgar/data/1652044/0001127602-16-051258.txt
",2016,QTR2
1652044,Alphabet Inc.,4,2016-05-06,"edgar/data/1652044/0001127602-16-051422.txt
",2016,QTR2
1652044,Alphabet Inc.,4,2016-05-09,"edgar/data/1652044/0001127602-16-051550.txt
",2016,QTR2
1652044,Alphabet Inc.,4,2016-05-10,"edgar/data/1652044/0001127602-16-051590.txt
",2016,QTR2
1652044,Alphabet Inc.,4,2016-05-12,"edgar/data/1652044/0001127602-16-052029.txt
",2016,QTR2
1652044,Alphabet Inc.,4,2016-05-13,"edgar/data/1652044/0001127602-16-052212.txt
",2016,QTR2
1652044,Alphabet Inc.,4,2016-05-16,"edgar/data/1652044/0001127602-16-052372.txt
",2016,QTR2
1652044,Alphabet Inc.,4,2016-05-17,"edgar/data/1652044/0001127602-16-052477.txt
",2016,QTR2
1652044,Alphabet Inc.,4,2016-05-19,"edgar/data/1652044/0001127602-16-052835.txt
",2016,QTR2
1652044,Alphabet Inc.,4,2016-05-19,"edgar/data/1652044/0001127602-16-052860.txt
",2016,QTR2
1652044,Alphabet Inc.,4,2016-05-20,"edgar/data/1652044/0001127602-16-053030.txt
",2016,QTR2
1652044,Alphabet Inc.,4,2016-05-23,"edgar/data/1652044/0001127602-16-053095.txt
",2016,QTR2
1652044,Alphabet Inc.,4,2016-05-24,"edgar/data/1652044/0001127602-16-053279.txt
",2016,QTR2
1652044,Alphabet Inc.,4,2016-05-25,"edgar/data/1652044/0001127602-16-053459.txt
",2016,QTR2
1652044,Alphabet Inc.,4,2016-05-26,"edgar/data/1652044/0001127602-16-053617.txt
",2016,QTR2
1652044,Alphabet Inc.,4,2016-05-26,"edgar/data/1652044/0001127602-16-053628.txt
",2016,QTR2
1652044,Alphabet Inc.,4,2016-05-26,"edgar/data/1652044/0001127602-16-053633.txt
",2016,QTR2
1652044,Alphabet Inc.,4,2016-05-26,"edgar/data/1652044/0001127602-16-053637.txt
",2016,QTR2
1652044,Alphabet Inc.,4,2016-05-26,"edgar/data/1652044/0001127602-16-053639.txt
",2016,QTR2
1652044,Alphabet Inc.,4,2016-05-27,"edgar/data/1652044/0001127602-16-053863.txt
",2016,QTR2
1652044,Alphabet Inc.,4,2016-05-31,"edgar/data/1652044/0001127602-16-053985.txt
",2016,QTR2
1652044,Alphabet Inc.,4,2016-06-01,"edgar/data/1652044/0001127602-16-054292.txt
",2016,QTR2
1652044,Alphabet Inc.,4,2016-06-01,"edgar/data/1652044/0001127602-16-054296.txt
",2016,QTR2
1652044,Alphabet Inc.,4,2016-06-13,"edgar/data/1652044/0001127602-16-055431.txt
",2016,QTR2
1652044,Alphabet Inc.,4,2016-06-15,"edgar/data/1652044/0001127602-16-055604.txt
",2016,QTR2
1652044,Alphabet Inc.,4,2016-06-22,"edgar/data/1652044/0001127602-16-056031.txt
",2016,QTR2
1652044,Alphabet Inc.,4,2016-06-23,"edgar/data/1652044/0001127602-16-056181.txt
",2016,QTR2
1652044,Alphabet Inc.,4,2016-06-24,"edgar/data/1652044/0001127602-16-056302.txt
",2016,QTR2
1652044,Alphabet Inc.,4,2016-06-27,"edgar/data/1652044/0001127602-16-056373.txt
",2016,QTR2
1652044,Alphabet Inc.,4,2016-06-28,"edgar/data/1652044/0001127602-16-056432.txt
",2016,QTR2
1652044,Alphabet Inc.,4,2016-06-28,"edgar/data/1652044/0001127602-16-056459.txt
",2016,QTR2
1652044,Alphabet Inc.,4,2016-06-29,"edgar/data/1652044/0001127602-16-056515.txt
",2016,QTR2
1652044,Alphabet Inc.,4,2016-06-29,"edgar/data/1652044/0001127602-16-056522.txt
",2016,QTR2
1652044,Alphabet Inc.,4,2016-06-29,"edgar/data/1652044/0001127602-16-056526.txt
",2016,QTR2
1652044,Alphabet Inc.,4,2016-06-29,"edgar/data/1652044/0001127602-16-056534.txt
",2016,QTR2
1652044,Alphabet Inc.,4,2016-06-29,"edgar/data/1652044/0001127602-16-056557.txt
",2016,QTR2
1652044,Alphabet Inc.,4,2016-06-30,"edgar/data/1652044/0001127602-16-056612.txt
",2016,QTR2
1652044,Alphabet Inc.,8-K,2016-04-12,"edgar/data/1652044/0001193125-16-537992.txt
",2016,QTR2
1652044,Alphabet Inc.,8-K,2016-04-21,"edgar/data/1652044/0001652044-16-000015.txt
",2016,QTR2
1652044,Alphabet Inc.,8-K,2016-04-27,"edgar/data/1652044/0001193125-16-559672.txt
",2016,QTR2
1652044,Alphabet Inc.,8-K,2016-05-03,"edgar/data/1652044/0001652044-16-000022.txt
",2016,QTR2
1652044,Alphabet Inc.,8-K,2016-06-10,"edgar/data/1652044/0001193125-16-619079.txt
",2016,QTR2
1652044,Alphabet Inc.,8-K,2016-06-29,"edgar/data/1652044/0001193125-16-635647.txt
",2016,QTR2
1652044,Alphabet Inc.,CORRESP,2016-04-05,"edgar/data/1652044/0001193125-16-530269.txt
",2016,QTR2
1652044,Alphabet Inc.,DEF 14A,2016-04-29,"edgar/data/1652044/0001308179-16-000384.txt
",2016,QTR2
1652044,Alphabet Inc.,DEFA14A,2016-04-29,"edgar/data/1652044/0001308179-16-000385.txt
",2016,QTR2
1652044,Alphabet Inc.,DEFA14A,2016-04-29,"edgar/data/1652044/0001308179-16-000386.txt
",2016,QTR2
1652044,Alphabet Inc.,EFFECT,2016-04-07,"edgar/data/1652044/9999999995-16-004161.txt
",2016,QTR2
1652044,Alphabet Inc.,POSASR,2016-05-31,"edgar/data/1652044/0001193125-16-608577.txt
",2016,QTR2
1652044,Alphabet Inc.,PRE 14A,2016-04-19,"edgar/data/1652044/0001308179-16-000354.txt
",2016,QTR2
1652044,Alphabet Inc.,PX14A6G,2016-05-03,"edgar/data/1652044/0001214659-16-011213.txt
",2016,QTR2
1652044,Alphabet Inc.,PX14A6G,2016-05-26,"edgar/data/1652044/0001214659-16-011756.txt
",2016,QTR2
1652044,Alphabet Inc.,PX14A6G,2016-06-02,"edgar/data/1652044/0001214659-16-012004.txt
",2016,QTR2
1652044,Alphabet Inc.,SD,2016-05-31,"edgar/data/1652044/0001652044-16-000025.txt
",2016,QTR2
1652044,Alphabet Inc.,10-Q,2016-08-04,"edgar/data/1652044/0001652044-16-000032.txt
",2016,QTR3
1652044,Alphabet Inc.,3,2016-07-11,"edgar/data/1652044/0000899243-16-024812.txt
",2016,QTR3
1652044,Alphabet Inc.,4/A,2016-07-06,"edgar/data/1652044/0001127602-16-057714.txt
",2016,QTR3
1652044,Alphabet Inc.,4/A,2016-08-22,"edgar/data/1652044/0001127602-16-060810.txt
",2016,QTR3
1652044,Alphabet Inc.,424B2,2016-08-03,"edgar/data/1652044/0001193125-16-670237.txt
",2016,QTR3
1652044,Alphabet Inc.,424B5,2016-08-02,"edgar/data/1652044/0001193125-16-667679.txt
",2016,QTR3
1652044,Alphabet Inc.,4,2016-07-01,"edgar/data/1652044/0001127602-16-056819.txt
",2016,QTR3
1652044,Alphabet Inc.,4,2016-07-05,"edgar/data/1652044/0001127602-16-057039.txt
",2016,QTR3
1652044,Alphabet Inc.,4,2016-07-06,"edgar/data/1652044/0001127602-16-057559.txt
",2016,QTR3
1652044,Alphabet Inc.,4,2016-07-06,"edgar/data/1652044/0001127602-16-057592.txt
",2016,QTR3
1652044,Alphabet Inc.,4,2016-07-06,"edgar/data/1652044/0001127602-16-057671.txt
",2016,QTR3
1652044,Alphabet Inc.,4,2016-07-06,"edgar/data/1652044/0001127602-16-057681.txt
",2016,QTR3
1652044,Alphabet Inc.,4,2016-07-06,"edgar/data/1652044/0001127602-16-057691.txt
",2016,QTR3
1652044,Alphabet Inc.,4,2016-07-06,"edgar/data/1652044/0001127602-16-057698.txt
",2016,QTR3
1652044,Alphabet Inc.,4,2016-07-06,"edgar/data/1652044/0001127602-16-057701.txt
",2016,QTR3
1652044,Alphabet Inc.,4,2016-07-06,"edgar/data/1652044/0001127602-16-057707.txt
",2016,QTR3
1652044,Alphabet Inc.,4,2016-07-06,"edgar/data/1652044/0001127602-16-057709.txt
",2016,QTR3
1652044,Alphabet Inc.,4,2016-07-06,"edgar/data/1652044/0001127602-16-057712.txt
",2016,QTR3
1652044,Alphabet Inc.,4,2016-07-12,"edgar/data/1652044/0001127602-16-057937.txt
",2016,QTR3
1652044,Alphabet Inc.,4,2016-07-20,"edgar/data/1652044/0001127602-16-058343.txt
",2016,QTR3
1652044,Alphabet Inc.,4,2016-07-26,"edgar/data/1652044/0001127602-16-058657.txt
",2016,QTR3
1652044,Alphabet Inc.,4,2016-07-27,"edgar/data/1652044/0001127602-16-058685.txt
",2016,QTR3
1652044,Alphabet Inc.,4,2016-07-27,"edgar/data/1652044/0001127602-16-058689.txt
",2016,QTR3
1652044,Alphabet Inc.,4,2016-07-27,"edgar/data/1652044/0001127602-16-058692.txt
",2016,QTR3
1652044,Alphabet Inc.,4,2016-07-27,"edgar/data/1652044/0001127602-16-058695.txt
",2016,QTR3
1652044,Alphabet Inc.,4,2016-07-29,"edgar/data/1652044/0001127602-16-058899.txt
",2016,QTR3
1652044,Alphabet Inc.,4,2016-07-29,"edgar/data/1652044/0001127602-16-058954.txt
",2016,QTR3
1652044,Alphabet Inc.,4,2016-08-01,"edgar/data/1652044/0001127602-16-058997.txt
",2016,QTR3
1652044,Alphabet Inc.,4,2016-08-01,"edgar/data/1652044/0001127602-16-059103.txt
",2016,QTR3
1652044,Alphabet Inc.,4,2016-08-01,"edgar/data/1652044/0001127602-16-059105.txt
",2016,QTR3
1652044,Alphabet Inc.,4,2016-08-03,"edgar/data/1652044/0001127602-16-059446.txt
",2016,QTR3
1652044,Alphabet Inc.,4,2016-08-04,"edgar/data/1652044/0001127602-16-059456.txt
",2016,QTR3
1652044,Alphabet Inc.,4,2016-08-05,"edgar/data/1652044/0001127602-16-059611.txt
",2016,QTR3
1652044,Alphabet Inc.,4,2016-08-05,"edgar/data/1652044/0001127602-16-059647.txt
",2016,QTR3
1652044,Alphabet Inc.,4,2016-08-05,"edgar/data/1652044/0001127602-16-059650.txt
",2016,QTR3
1652044,Alphabet Inc.,4,2016-08-08,"edgar/data/1652044/0001127602-16-059665.txt
",2016,QTR3
1652044,Alphabet Inc.,4,2016-08-08,"edgar/data/1652044/0001127602-16-059734.txt
",2016,QTR3
1652044,Alphabet Inc.,4,2016-08-15,"edgar/data/1652044/0001127602-16-060251.txt
",2016,QTR3
1652044,Alphabet Inc.,4,2016-08-16,"edgar/data/1652044/0001127602-16-060313.txt
",2016,QTR3
1652044,Alphabet Inc.,4,2016-08-16,"edgar/data/1652044/0001127602-16-060419.txt
",2016,QTR3
1652044,Alphabet Inc.,4,2016-08-17,"edgar/data/1652044/0001127602-16-060472.txt
",2016,QTR3
1652044,Alphabet Inc.,4,2016-08-18,"edgar/data/1652044/0001127602-16-060611.txt
",2016,QTR3
1652044,Alphabet Inc.,4,2016-08-18,"edgar/data/1652044/0001127602-16-060620.txt
",2016,QTR3
1652044,Alphabet Inc.,4,2016-08-18,"edgar/data/1652044/0001127602-16-060678.txt
",2016,QTR3
1652044,Alphabet Inc.,4,2016-08-22,"edgar/data/1652044/0001127602-16-060799.txt
",2016,QTR3
1652044,Alphabet Inc.,4,2016-08-22,"edgar/data/1652044/0001127602-16-060801.txt
",2016,QTR3
1652044,Alphabet Inc.,4,2016-08-24,"edgar/data/1652044/0001127602-16-061045.txt
",2016,QTR3
1652044,Alphabet Inc.,4,2016-08-25,"edgar/data/1652044/0001127602-16-061128.txt
",2016,QTR3
1652044,Alphabet Inc.,4,2016-08-26,"edgar/data/1652044/0001127602-16-061234.txt
",2016,QTR3
1652044,Alphabet Inc.,4,2016-08-26,"edgar/data/1652044/0001127602-16-061239.txt
",2016,QTR3
1652044,Alphabet Inc.,4,2016-08-26,"edgar/data/1652044/0001127602-16-061276.txt
",2016,QTR3
1652044,Alphabet Inc.,4,2016-08-26,"edgar/data/1652044/0001127602-16-061278.txt
",2016,QTR3
1652044,Alphabet Inc.,4,2016-08-26,"edgar/data/1652044/0001127602-16-061283.txt
",2016,QTR3
1652044,Alphabet Inc.,4,2016-08-26,"edgar/data/1652044/0001127602-16-061287.txt
",2016,QTR3
1652044,Alphabet Inc.,4,2016-08-26,"edgar/data/1652044/0001127602-16-061289.txt
",2016,QTR3
1652044,Alphabet Inc.,4,2016-09-01,"edgar/data/1652044/0001127602-16-061732.txt
",2016,QTR3
1652044,Alphabet Inc.,4,2016-09-01,"edgar/data/1652044/0001127602-16-061736.txt
",2016,QTR3
1652044,Alphabet Inc.,4,2016-09-07,"edgar/data/1652044/0001127602-16-062113.txt
",2016,QTR3
1652044,Alphabet Inc.,4,2016-09-20,"edgar/data/1652044/0001127602-16-062911.txt
",2016,QTR3
1652044,Alphabet Inc.,4,2016-09-21,"edgar/data/1652044/0001127602-16-062986.txt
",2016,QTR3
1652044,Alphabet Inc.,4,2016-09-21,"edgar/data/1652044/0001127602-16-063014.txt
",2016,QTR3
1652044,Alphabet Inc.,4,2016-09-23,"edgar/data/1652044/0001127602-16-063123.txt
",2016,QTR3
1652044,Alphabet Inc.,4,2016-09-26,"edgar/data/1652044/0001127602-16-063189.txt
",2016,QTR3
1652044,Alphabet Inc.,4,2016-09-26,"edgar/data/1652044/0001127602-16-063194.txt
",2016,QTR3
1652044,Alphabet Inc.,4,2016-09-26,"edgar/data/1652044/0001127602-16-063202.txt
",2016,QTR3
1652044,Alphabet Inc.,4,2016-09-28,"edgar/data/1652044/0001127602-16-063347.txt
",2016,QTR3
1652044,Alphabet Inc.,4,2016-09-28,"edgar/data/1652044/0001127602-16-063349.txt
",2016,QTR3
1652044,Alphabet Inc.,4,2016-09-28,"edgar/data/1652044/0001127602-16-063356.txt
",2016,QTR3
1652044,Alphabet Inc.,4,2016-09-28,"edgar/data/1652044/0001127602-16-063384.txt
",2016,QTR3
1652044,Alphabet Inc.,4,2016-09-28,"edgar/data/1652044/0001127602-16-063386.txt
",2016,QTR3
1652044,Alphabet Inc.,4,2016-09-28,"edgar/data/1652044/0001127602-16-063388.txt
",2016,QTR3
1652044,Alphabet Inc.,4,2016-09-29,"edgar/data/1652044/0001127602-16-063441.txt
",2016,QTR3
1652044,Alphabet Inc.,8-K,2016-07-28,"edgar/data/1652044/0001652044-16-000029.txt
",2016,QTR3
1652044,Alphabet Inc.,8-K,2016-08-09,"edgar/data/1652044/0001193125-16-676835.txt
",2016,QTR3
1652044,Alphabet Inc.,FWP,2016-08-02,"edgar/data/1652044/0001193125-16-668561.txt
",2016,QTR3
1652044,Alphabet Inc.,S-8,2016-08-04,"edgar/data/1652044/0001193125-16-671963.txt
",2016,QTR3
1652044,Alphabet Inc.,10-Q,2016-11-03,"edgar/data/1652044/0001652044-16-000038.txt
",2016,QTR4
1652044,Alphabet Inc.,4,2016-10-03,"edgar/data/1652044/0001127602-16-063646.txt
",2016,QTR4
1652044,Alphabet Inc.,4,2016-10-03,"edgar/data/1652044/0001127602-16-063649.txt
",2016,QTR4
1652044,Alphabet Inc.,4,2016-10-03,"edgar/data/1652044/0001127602-16-063786.txt
",2016,QTR4
1652044,Alphabet Inc.,4,2016-10-05,"edgar/data/1652044/0001127602-16-064352.txt
",2016,QTR4
1652044,Alphabet Inc.,4,2016-10-18,"edgar/data/1652044/0001127602-16-064973.txt
",2016,QTR4
1652044,Alphabet Inc.,4,2016-10-19,"edgar/data/1652044/0001127602-16-065035.txt
",2016,QTR4
1652044,Alphabet Inc.,4,2016-10-25,"edgar/data/1652044/0001127602-16-065208.txt
",2016,QTR4
1652044,Alphabet Inc.,4,2016-10-26,"edgar/data/1652044/0001127602-16-065281.txt
",2016,QTR4
1652044,Alphabet Inc.,4,2016-10-26,"edgar/data/1652044/0001127602-16-065298.txt
",2016,QTR4
1652044,Alphabet Inc.,4,2016-10-26,"edgar/data/1652044/0001127602-16-065304.txt
",2016,QTR4
1652044,Alphabet Inc.,4,2016-10-26,"edgar/data/1652044/0001127602-16-065306.txt
",2016,QTR4
1652044,Alphabet Inc.,4,2016-10-28,"edgar/data/1652044/0001127602-16-065492.txt
",2016,QTR4
1652044,Alphabet Inc.,4,2016-10-31,"edgar/data/1652044/0001127602-16-065498.txt
",2016,QTR4
1652044,Alphabet Inc.,4,2016-11-01,"edgar/data/1652044/0001127602-16-065617.txt
",2016,QTR4
1652044,Alphabet Inc.,4,2016-11-01,"edgar/data/1652044/0001127602-16-065627.txt
",2016,QTR4
1652044,Alphabet Inc.,4,2016-11-01,"edgar/data/1652044/0001127602-16-065667.txt
",2016,QTR4
1652044,Alphabet Inc.,4,2016-11-01,"edgar/data/1652044/0001127602-16-065691.txt
",2016,QTR4
1652044,Alphabet Inc.,4,2016-11-01,"edgar/data/1652044/0001127602-16-065757.txt
",2016,QTR4
1652044,Alphabet Inc.,4,2016-11-02,"edgar/data/1652044/0001127602-16-065920.txt
",2016,QTR4
1652044,Alphabet Inc.,4,2016-11-02,"edgar/data/1652044/0001127602-16-065923.txt
",2016,QTR4
1652044,Alphabet Inc.,4,2016-11-02,"edgar/data/1652044/0001127602-16-065943.txt
",2016,QTR4
1652044,Alphabet Inc.,4,2016-11-04,"edgar/data/1652044/0001127602-16-066118.txt
",2016,QTR4
1652044,Alphabet Inc.,4,2016-11-04,"edgar/data/1652044/0001127602-16-066181.txt
",2016,QTR4
1652044,Alphabet Inc.,4,2016-11-04,"edgar/data/1652044/0001127602-16-066185.txt
",2016,QTR4
1652044,Alphabet Inc.,4,2016-11-14,"edgar/data/1652044/0001127602-16-067013.txt
",2016,QTR4
1652044,Alphabet Inc.,4,2016-11-16,"edgar/data/1652044/0001127602-16-067355.txt
",2016,QTR4
1652044,Alphabet Inc.,4,2016-11-16,"edgar/data/1652044/0001127602-16-067459.txt
",2016,QTR4
1652044,Alphabet Inc.,4,2016-11-22,"edgar/data/1652044/0001127602-16-068249.txt
",2016,QTR4
1652044,Alphabet Inc.,4,2016-11-25,"edgar/data/1652044/0001127602-16-068414.txt
",2016,QTR4
1652044,Alphabet Inc.,4,2016-11-25,"edgar/data/1652044/0001127602-16-068416.txt
",2016,QTR4
1652044,Alphabet Inc.,4,2016-11-25,"edgar/data/1652044/0001127602-16-068420.txt
",2016,QTR4
1652044,Alphabet Inc.,4,2016-11-28,"edgar/data/1652044/0001127602-16-068514.txt
",2016,QTR4
1652044,Alphabet Inc.,4,2016-11-28,"edgar/data/1652044/0001127602-16-068516.txt
",2016,QTR4
1652044,Alphabet Inc.,4,2016-11-28,"edgar/data/1652044/0001127602-16-068518.txt
",2016,QTR4
1652044,Alphabet Inc.,4,2016-11-28,"edgar/data/1652044/0001127602-16-068523.txt
",2016,QTR4
1652044,Alphabet Inc.,4,2016-11-28,"edgar/data/1652044/0001127602-16-068532.txt
",2016,QTR4
1652044,Alphabet Inc.,4,2016-11-29,"edgar/data/1652044/0001127602-16-068584.txt
",2016,QTR4
1652044,Alphabet Inc.,4,2016-11-30,"edgar/data/1652044/0001127602-16-068644.txt
",2016,QTR4
1652044,Alphabet Inc.,4,2016-11-30,"edgar/data/1652044/0001127602-16-068646.txt
",2016,QTR4
1652044,Alphabet Inc.,4,2016-11-30,"edgar/data/1652044/0001127602-16-068728.txt
",2016,QTR4
1652044,Alphabet Inc.,4,2016-12-01,"edgar/data/1652044/0001127602-16-068786.txt
",2016,QTR4
1652044,Alphabet Inc.,4,2016-12-01,"edgar/data/1652044/0001127602-16-068788.txt
",2016,QTR4
1652044,Alphabet Inc.,4,2016-12-01,"edgar/data/1652044/0001127602-16-068793.txt
",2016,QTR4
1652044,Alphabet Inc.,4,2016-12-02,"edgar/data/1652044/0001127602-16-068938.txt
",2016,QTR4
1652044,Alphabet Inc.,4,2016-12-02,"edgar/data/1652044/0001127602-16-069043.txt
",2016,QTR4
1652044,Alphabet Inc.,4,2016-12-02,"edgar/data/1652044/0001127602-16-069046.txt
",2016,QTR4
1652044,Alphabet Inc.,4,2016-12-02,"edgar/data/1652044/0001127602-16-069048.txt
",2016,QTR4
1652044,Alphabet Inc.,4,2016-12-06,"edgar/data/1652044/0001127602-16-069343.txt
",2016,QTR4
1652044,Alphabet Inc.,4,2016-12-07,"edgar/data/1652044/0001127602-16-069444.txt
",2016,QTR4
1652044,Alphabet Inc.,4,2016-12-12,"edgar/data/1652044/0001127602-16-069670.txt
",2016,QTR4
1652044,Alphabet Inc.,4,2016-12-21,"edgar/data/1652044/0001127602-16-070721.txt
",2016,QTR4
1652044,Alphabet Inc.,4,2016-12-21,"edgar/data/1652044/0001127602-16-070741.txt
",2016,QTR4
1652044,Alphabet Inc.,4,2016-12-22,"edgar/data/1652044/0001127602-16-070776.txt
",2016,QTR4
1652044,Alphabet Inc.,4,2016-12-23,"edgar/data/1652044/0001127602-16-070892.txt
",2016,QTR4
1652044,Alphabet Inc.,4,2016-12-27,"edgar/data/1652044/0001127602-16-070952.txt
",2016,QTR4
1652044,Alphabet Inc.,4,2016-12-27,"edgar/data/1652044/0001127602-16-070954.txt
",2016,QTR4
1652044,Alphabet Inc.,4,2016-12-28,"edgar/data/1652044/0001127602-16-070973.txt
",2016,QTR4
1652044,Alphabet Inc.,4,2016-12-29,"edgar/data/1652044/0001127602-16-071004.txt
",2016,QTR4
1652044,Alphabet Inc.,4,2016-12-29,"edgar/data/1652044/0001127602-16-071013.txt
",2016,QTR4
1652044,Alphabet Inc.,4,2016-12-29,"edgar/data/1652044/0001127602-16-071045.txt
",2016,QTR4
1652044,Alphabet Inc.,4,2016-12-29,"edgar/data/1652044/0001127602-16-071047.txt
",2016,QTR4
1652044,Alphabet Inc.,4,2016-12-29,"edgar/data/1652044/0001127602-16-071051.txt
",2016,QTR4
1652044,Alphabet Inc.,4,2016-12-30,"edgar/data/1652044/0000899243-16-036432.txt
",2016,QTR4
1652044,Alphabet Inc.,4,2016-12-30,"edgar/data/1652044/0001127602-16-071076.txt
",2016,QTR4
1652044,Alphabet Inc.,8-K,2016-10-27,"edgar/data/1652044/0001652044-16-000035.txt
",2016,QTR4
1652044,Alphabet Inc.,S-8,2016-11-10,"edgar/data/1652044/0001193125-16-766130.txt
",2016,QTR4
1652044,Alphabet Inc.,10-K,2017-02-03,"edgar/data/1652044/0001652044-17-000008.txt
",2017,QTR1
1652044,Alphabet Inc.,4/A,2017-01-17,"edgar/data/1652044/0001209191-17-003983.txt
",2017,QTR1
1652044,Alphabet Inc.,4/A,2017-02-02,"edgar/data/1652044/0001209191-17-007350.txt
",2017,QTR1
1652044,Alphabet Inc.,4,2017-01-03,"edgar/data/1652044/0001127602-17-000300.txt
",2017,QTR1
1652044,Alphabet Inc.,4,2017-01-03,"edgar/data/1652044/0001209191-17-000377.txt
",2017,QTR1
1652044,Alphabet Inc.,4,2017-01-04,"edgar/data/1652044/0001209191-17-001144.txt
",2017,QTR1
1652044,Alphabet Inc.,4,2017-01-04,"edgar/data/1652044/0001209191-17-001407.txt
",2017,QTR1
1652044,Alphabet Inc.,4,2017-01-04,"edgar/data/1652044/0001209191-17-001441.txt
",2017,QTR1
1652044,Alphabet Inc.,4,2017-01-12,"edgar/data/1652044/0001209191-17-003596.txt
",2017,QTR1
1652044,Alphabet Inc.,4,2017-01-18,"edgar/data/1652044/0001209191-17-004339.txt
",2017,QTR1
1652044,Alphabet Inc.,4,2017-01-26,"edgar/data/1652044/0001209191-17-005792.txt
",2017,QTR1
1652044,Alphabet Inc.,4,2017-01-27,"edgar/data/1652044/0001209191-17-005834.txt
",2017,QTR1
1652044,Alphabet Inc.,4,2017-01-27,"edgar/data/1652044/0001209191-17-005928.txt
",2017,QTR1
1652044,Alphabet Inc.,4,2017-02-01,"edgar/data/1652044/0001209191-17-006770.txt
",2017,QTR1
1652044,Alphabet Inc.,4,2017-02-01,"edgar/data/1652044/0001209191-17-006898.txt
",2017,QTR1
1652044,Alphabet Inc.,4,2017-02-01,"edgar/data/1652044/0001695879-17-000001.txt
",2017,QTR1
1652044,Alphabet Inc.,4,2017-02-02,"edgar/data/1652044/0001209191-17-007015.txt
",2017,QTR1
1652044,Alphabet Inc.,4,2017-02-02,"edgar/data/1652044/0001209191-17-007017.txt
",2017,QTR1
1652044,Alphabet Inc.,4,2017-02-02,"edgar/data/1652044/0001209191-17-007344.txt
",2017,QTR1
1652044,Alphabet Inc.,4,2017-02-02,"edgar/data/1652044/0001695879-17-000002.txt
",2017,QTR1
1652044,Alphabet Inc.,4,2017-02-03,"edgar/data/1652044/0001209191-17-007442.txt
",2017,QTR1
1652044,Alphabet Inc.,4,2017-02-06,"edgar/data/1652044/0001209191-17-008057.txt
",2017,QTR1
1652044,Alphabet Inc.,4,2017-02-06,"edgar/data/1652044/0001209191-17-008061.txt
",2017,QTR1
1652044,Alphabet Inc.,4,2017-02-07,"edgar/data/1652044/0001209191-17-008488.txt
",2017,QTR1
1652044,Alphabet Inc.,4,2017-02-07,"edgar/data/1652044/0001209191-17-008500.txt
",2017,QTR1
1652044,Alphabet Inc.,4,2017-02-07,"edgar/data/1652044/0001209191-17-008502.txt
",2017,QTR1
1652044,Alphabet Inc.,4,2017-02-08,"edgar/data/1652044/0001209191-17-008850.txt
",2017,QTR1
1652044,Alphabet Inc.,4,2017-02-09,"edgar/data/1652044/0001209191-17-009040.txt
",2017,QTR1
1652044,Alphabet Inc.,4,2017-02-13,"edgar/data/1652044/0001209191-17-010115.txt
",2017,QTR1
1652044,Alphabet Inc.,4,2017-02-13,"edgar/data/1652044/0001209191-17-010212.txt
",2017,QTR1
1652044,Alphabet Inc.,4,2017-02-14,"edgar/data/1652044/0001209191-17-010818.txt
",2017,QTR1
1652044,Alphabet Inc.,4,2017-02-14,"edgar/data/1652044/0001209191-17-010924.txt
",2017,QTR1
1652044,Alphabet Inc.,4,2017-02-16,"edgar/data/1652044/0001209191-17-011630.txt
",2017,QTR1
1652044,Alphabet Inc.,4,2017-02-21,"edgar/data/1652044/0001209191-17-012807.txt
",2017,QTR1
1652044,Alphabet Inc.,4,2017-02-22,"edgar/data/1652044/0001209191-17-013348.txt
",2017,QTR1
1652044,Alphabet Inc.,4,2017-02-22,"edgar/data/1652044/0001209191-17-013527.txt
",2017,QTR1
1652044,Alphabet Inc.,4,2017-03-01,"edgar/data/1652044/0001209191-17-015680.txt
",2017,QTR1
1652044,Alphabet Inc.,4,2017-03-01,"edgar/data/1652044/0001209191-17-016186.txt
",2017,QTR1
1652044,Alphabet Inc.,4,2017-03-01,"edgar/data/1652044/0001209191-17-016239.txt
",2017,QTR1
1652044,Alphabet Inc.,4,2017-03-01,"edgar/data/1652044/0001209191-17-016243.txt
",2017,QTR1
1652044,Alphabet Inc.,4,2017-03-03,"edgar/data/1652044/0001209191-17-017198.txt
",2017,QTR1
1652044,Alphabet Inc.,4,2017-03-03,"edgar/data/1652044/0001209191-17-017212.txt
",2017,QTR1
1652044,Alphabet Inc.,4,2017-03-14,"edgar/data/1652044/0001209191-17-020607.txt
",2017,QTR1
1652044,Alphabet Inc.,4,2017-03-16,"edgar/data/1652044/0001209191-17-021236.txt
",2017,QTR1
1652044,Alphabet Inc.,4,2017-03-29,"edgar/data/1652044/0001209191-17-023610.txt
",2017,QTR1
1652044,Alphabet Inc.,4,2017-03-29,"edgar/data/1652044/0001209191-17-023612.txt
",2017,QTR1
1652044,Alphabet Inc.,4,2017-03-29,"edgar/data/1652044/0001209191-17-023614.txt
",2017,QTR1
1652044,Alphabet Inc.,4,2017-03-29,"edgar/data/1652044/0001209191-17-023617.txt
",2017,QTR1
1652044,Alphabet Inc.,5,2017-02-13,"edgar/data/1652044/0001127602-17-005605.txt
",2017,QTR1
1652044,Alphabet Inc.,5,2017-02-13,"edgar/data/1652044/0001127602-17-005623.txt
",2017,QTR1
1652044,Alphabet Inc.,5,2017-02-13,"edgar/data/1652044/0001127602-17-005646.txt
",2017,QTR1
1652044,Alphabet Inc.,5,2017-02-14,"edgar/data/1652044/0001127602-17-005940.txt
",2017,QTR1
1652044,Alphabet Inc.,5,2017-02-14,"edgar/data/1652044/0001127602-17-005964.txt
",2017,QTR1
1652044,Alphabet Inc.,5,2017-02-14,"edgar/data/1652044/0001127602-17-005981.txt
",2017,QTR1
1652044,Alphabet Inc.,8-K,2017-01-26,"edgar/data/1652044/0001652044-17-000005.txt
",2017,QTR1
1652044,Alphabet Inc.,S-8 POS,2017-02-02,"edgar/data/1652044/0001193125-17-029210.txt
",2017,QTR1
1652044,Alphabet Inc.,S-8,2017-02-03,"edgar/data/1652044/0001193125-17-029417.txt
",2017,QTR1
1652044,Alphabet Inc.,SC 13G/A,2017-01-19,"edgar/data/1652044/0000215457-17-001237.txt
",2017,QTR1
1652044,Alphabet Inc.,SC 13G/A,2017-02-09,"edgar/data/1652044/0000932471-17-000672.txt
",2017,QTR1
1652044,Alphabet Inc.,SC 13G/A,2017-02-10,"edgar/data/1652044/0000932471-17-001189.txt
",2017,QTR1
1652044,Alphabet Inc.,SC 13G/A,2017-02-13,"edgar/data/1652044/0001193125-17-040409.txt
",2017,QTR1
1652044,Alphabet Inc.,SC 13G/A,2017-02-13,"edgar/data/1652044/0001193125-17-040415.txt
",2017,QTR1
1652044,Alphabet Inc.,SC 13G/A,2017-02-14,"edgar/data/1652044/0000315066-17-001420.txt
",2017,QTR1
1652044,Alphabet Inc.,SC 13G/A,2017-02-14,"edgar/data/1652044/0001193125-17-041143.txt
",2017,QTR1
1652044,Alphabet Inc.,SC 13G/A,2017-03-09,"edgar/data/1652044/0000215457-17-002877.txt
",2017,QTR1
1652044,Alphabet Inc.,SC 13G,2017-01-30,"edgar/data/1652044/0000215457-17-002143.txt
",2017,QTR1
1652044,Alphabet Inc.,10-Q,2017-05-02,"edgar/data/1652044/0001652044-17-000014.txt
",2017,QTR2
1652044,Alphabet Inc.,4,2017-04-04,"edgar/data/1652044/0001209191-17-024496.txt
",2017,QTR2
1652044,Alphabet Inc.,4,2017-04-05,"edgar/data/1652044/0001209191-17-025851.txt
",2017,QTR2
1652044,Alphabet Inc.,4,2017-04-12,"edgar/data/1652044/0001209191-17-026715.txt
",2017,QTR2
1652044,Alphabet Inc.,4,2017-04-19,"edgar/data/1652044/0001209191-17-027590.txt
",2017,QTR2
1652044,Alphabet Inc.,4,2017-04-26,"edgar/data/1652044/0001209191-17-028269.txt
",2017,QTR2
1652044,Alphabet Inc.,4,2017-04-26,"edgar/data/1652044/0001209191-17-028281.txt
",2017,QTR2
1652044,Alphabet Inc.,4,2017-04-27,"edgar/data/1652044/0001209191-17-028493.txt
",2017,QTR2
1652044,Alphabet Inc.,4,2017-05-01,"edgar/data/1652044/0001209191-17-029007.txt
",2017,QTR2
1652044,Alphabet Inc.,4,2017-05-01,"edgar/data/1652044/0001209191-17-029013.txt
",2017,QTR2
1652044,Alphabet Inc.,4,2017-05-01,"edgar/data/1652044/0001209191-17-029049.txt
",2017,QTR2
1652044,Alphabet Inc.,4,2017-05-03,"edgar/data/1652044/0001209191-17-029748.txt
",2017,QTR2
1652044,Alphabet Inc.,4,2017-05-08,"edgar/data/1652044/0001209191-17-030668.txt
",2017,QTR2
1652044,Alphabet Inc.,4,2017-05-12,"edgar/data/1652044/0001209191-17-031800.txt
",2017,QTR2
1652044,Alphabet Inc.,4,2017-05-12,"edgar/data/1652044/0001209191-17-032085.txt
",2017,QTR2
1652044,Alphabet Inc.,4,2017-05-16,"edgar/data/1652044/0001209191-17-032598.txt
",2017,QTR2
1652044,Alphabet Inc.,4,2017-05-17,"edgar/data/1652044/0001209191-17-033388.txt
",2017,QTR2
1652044,Alphabet Inc.,4,2017-05-30,"edgar/data/1652044/0001209191-17-036152.txt
",2017,QTR2
1652044,Alphabet Inc.,4,2017-05-30,"edgar/data/1652044/0001209191-17-036175.txt
",2017,QTR2
1652044,Alphabet Inc.,4,2017-05-30,"edgar/data/1652044/0001209191-17-036181.txt
",2017,QTR2
1652044,Alphabet Inc.,4,2017-05-30,"edgar/data/1652044/0001209191-17-036213.txt
",2017,QTR2
1652044,Alphabet Inc.,4,2017-06-01,"edgar/data/1652044/0001209191-17-036724.txt
",2017,QTR2
1652044,Alphabet Inc.,4,2017-06-01,"edgar/data/1652044/0001209191-17-036863.txt
",2017,QTR2
1652044,Alphabet Inc.,4,2017-06-08,"edgar/data/1652044/0001209191-17-038688.txt
",2017,QTR2
1652044,Alphabet Inc.,4,2017-06-12,"edgar/data/1652044/0001209191-17-039288.txt
",2017,QTR2
1652044,Alphabet Inc.,4,2017-06-22,"edgar/data/1652044/0001209191-17-041462.txt
",2017,QTR2
1652044,Alphabet Inc.,4,2017-06-27,"edgar/data/1652044/0001209191-17-042047.txt
",2017,QTR2
1652044,Alphabet Inc.,4,2017-06-27,"edgar/data/1652044/0001209191-17-042058.txt
",2017,QTR2
1652044,Alphabet Inc.,4,2017-06-27,"edgar/data/1652044/0001209191-17-042063.txt
",2017,QTR2
1652044,Alphabet Inc.,4,2017-06-28,"edgar/data/1652044/0001209191-17-042092.txt
",2017,QTR2
1652044,Alphabet Inc.,4,2017-06-30,"edgar/data/1652044/0000899243-17-017584.txt
",2017,QTR2
1652044,Alphabet Inc.,8-K,2017-04-27,"edgar/data/1652044/0001652044-17-000011.txt
",2017,QTR2
1652044,Alphabet Inc.,8-K,2017-06-09,"edgar/data/1652044/0001193125-17-200227.txt
",2017,QTR2
1652044,Alphabet Inc.,8-K,2017-06-27,"edgar/data/1652044/0001193125-17-214148.txt
",2017,QTR2
1652044,Alphabet Inc.,DEF 14A,2017-04-28,"edgar/data/1652044/0001308179-17-000170.txt
",2017,QTR2
1652044,Alphabet Inc.,DEFA14A,2017-04-28,"edgar/data/1652044/0001308179-17-000171.txt
",2017,QTR2
1652044,Alphabet Inc.,PX14A6G,2017-05-08,"edgar/data/1652044/0001214659-17-003050.txt
",2017,QTR2
1652044,Alphabet Inc.,SD,2017-05-26,"edgar/data/1652044/0001652044-17-000017.txt
",2017,QTR2
1652044,Alphabet Inc.,10-Q,2017-07-25,"edgar/data/1652044/0001652044-17-000026.txt
",2017,QTR3
1652044,Alphabet Inc.,4,2017-07-03,"edgar/data/1652044/0001209191-17-042721.txt
",2017,QTR3
1652044,Alphabet Inc.,4,2017-07-05,"edgar/data/1652044/0001209191-17-043761.txt
",2017,QTR3
1652044,Alphabet Inc.,4,2017-07-05,"edgar/data/1652044/0001209191-17-043828.txt
",2017,QTR3
1652044,Alphabet Inc.,4,2017-07-07,"edgar/data/1652044/0001127602-17-023389.txt
",2017,QTR3
1652044,Alphabet Inc.,4,2017-07-07,"edgar/data/1652044/0001209191-17-044334.txt
",2017,QTR3
1652044,Alphabet Inc.,4,2017-07-07,"edgar/data/1652044/0001209191-17-044338.txt
",2017,QTR3
1652044,Alphabet Inc.,4,2017-07-07,"edgar/data/1652044/0001209191-17-044423.txt
",2017,QTR3
1652044,Alphabet Inc.,4,2017-07-07,"edgar/data/1652044/0001209191-17-044443.txt
",2017,QTR3
1652044,Alphabet Inc.,4,2017-07-07,"edgar/data/1652044/0001209191-17-044445.txt
",2017,QTR3
1652044,Alphabet Inc.,4,2017-07-07,"edgar/data/1652044/0001209191-17-044449.txt
",2017,QTR3
1652044,Alphabet Inc.,4,2017-07-07,"edgar/data/1652044/0001209191-17-044465.txt
",2017,QTR3
1652044,Alphabet Inc.,4,2017-07-07,"edgar/data/1652044/0001209191-17-044467.txt
",2017,QTR3
1652044,Alphabet Inc.,4,2017-07-13,"edgar/data/1652044/0001209191-17-045079.txt
",2017,QTR3
1652044,Alphabet Inc.,4,2017-07-19,"edgar/data/1652044/0001209191-17-045744.txt
",2017,QTR3
1652044,Alphabet Inc.,4,2017-07-26,"edgar/data/1652044/0001209191-17-046279.txt
",2017,QTR3
1652044,Alphabet Inc.,4,2017-07-26,"edgar/data/1652044/0001209191-17-046284.txt
",2017,QTR3
1652044,Alphabet Inc.,4,2017-07-26,"edgar/data/1652044/0001209191-17-046373.txt
",2017,QTR3
1652044,Alphabet Inc.,4,2017-07-28,"edgar/data/1652044/0001209191-17-046607.txt
",2017,QTR3
1652044,Alphabet Inc.,4,2017-08-02,"edgar/data/1652044/0001209191-17-047121.txt
",2017,QTR3
1652044,Alphabet Inc.,4,2017-08-02,"edgar/data/1652044/0001209191-17-047143.txt
",2017,QTR3
1652044,Alphabet Inc.,4,2017-08-02,"edgar/data/1652044/0001209191-17-047154.txt
",2017,QTR3
1652044,Alphabet Inc.,4,2017-08-02,"edgar/data/1652044/0001209191-17-047200.txt
",2017,QTR3
1652044,Alphabet Inc.,4,2017-08-11,"edgar/data/1652044/0001209191-17-048575.txt
",2017,QTR3
1652044,Alphabet Inc.,4,2017-08-15,"edgar/data/1652044/0001209191-17-048870.txt
",2017,QTR3
1652044,Alphabet Inc.,4,2017-08-15,"edgar/data/1652044/0001209191-17-049086.txt
",2017,QTR3
1652044,Alphabet Inc.,4,2017-08-16,"edgar/data/1652044/0001209191-17-049313.txt
",2017,QTR3
1652044,Alphabet Inc.,4,2017-08-23,"edgar/data/1652044/0001209191-17-049913.txt
",2017,QTR3
1652044,Alphabet Inc.,4,2017-08-28,"edgar/data/1652044/0001209191-17-050460.txt
",2017,QTR3
1652044,Alphabet Inc.,4,2017-08-28,"edgar/data/1652044/0001209191-17-050473.txt
",2017,QTR3
1652044,Alphabet Inc.,4,2017-08-28,"edgar/data/1652044/0001209191-17-050476.txt
",2017,QTR3
1652044,Alphabet Inc.,4,2017-08-28,"edgar/data/1652044/0001209191-17-050481.txt
",2017,QTR3
1652044,Alphabet Inc.,4,2017-09-05,"edgar/data/1652044/0001209191-17-051456.txt
",2017,QTR3
1652044,Alphabet Inc.,4,2017-09-07,"edgar/data/1652044/0001209191-17-051962.txt
",2017,QTR3
1652044,Alphabet Inc.,4,2017-09-07,"edgar/data/1652044/0001209191-17-051969.txt
",2017,QTR3
1652044,Alphabet Inc.,4,2017-09-12,"edgar/data/1652044/0001209191-17-052466.txt
",2017,QTR3
1652044,Alphabet Inc.,4,2017-09-27,"edgar/data/1652044/0001209191-17-054112.txt
",2017,QTR3
1652044,Alphabet Inc.,4,2017-09-27,"edgar/data/1652044/0001209191-17-054118.txt
",2017,QTR3
1652044,Alphabet Inc.,4,2017-09-27,"edgar/data/1652044/0001209191-17-054177.txt
",2017,QTR3
1652044,Alphabet Inc.,4,2017-09-27,"edgar/data/1652044/0001209191-17-054185.txt
",2017,QTR3
1652044,Alphabet Inc.,8-K,2017-07-24,"edgar/data/1652044/0001652044-17-000024.txt
",2017,QTR3
1652044,Alphabet Inc.,CORRESP,2017-08-08,"edgar/data/1652044/0001652044-17-000028.txt
",2017,QTR3
1652044,Alphabet Inc.,CORRESP,2017-08-25,"edgar/data/1652044/0001652044-17-000031.txt
",2017,QTR3
1652044,Alphabet Inc.,S-8,2017-07-25,"edgar/data/1652044/0001193125-17-234099.txt
",2017,QTR3
1652044,Alphabet Inc.,UPLOAD,2017-07-28,"edgar/data/1652044/0000000000-17-026686.txt
",2017,QTR3
1652044,Alphabet Inc.,UPLOAD,2017-09-27,"edgar/data/1652044/0000000000-17-034399.txt
",2017,QTR3
1652044,Alphabet Inc.,10-Q,2017-10-27,"edgar/data/1652044/0001652044-17-000042.txt
",2017,QTR4
1652044,Alphabet Inc.,3,2017-11-01,"edgar/data/1652044/0000899243-17-025129.txt
",2017,QTR4
1652044,Alphabet Inc.,3,2017-11-15,"edgar/data/1652044/0000899243-17-026407.txt
",2017,QTR4
1652044,Alphabet Inc.,4,2017-10-03,"edgar/data/1652044/0001209191-17-055477.txt
",2017,QTR4
1652044,Alphabet Inc.,4,2017-10-03,"edgar/data/1652044/0001209191-17-055494.txt
",2017,QTR4
1652044,Alphabet Inc.,4,2017-10-04,"edgar/data/1652044/0001209191-17-055719.txt
",2017,QTR4
1652044,Alphabet Inc.,4,2017-10-18,"edgar/data/1652044/0001209191-17-057371.txt
",2017,QTR4
1652044,Alphabet Inc.,4,2017-10-26,"edgar/data/1652044/0001209191-17-058046.txt
",2017,QTR4
1652044,Alphabet Inc.,4,2017-10-26,"edgar/data/1652044/0001209191-17-058063.txt
",2017,QTR4
1652044,Alphabet Inc.,4,2017-10-27,"edgar/data/1652044/0001209191-17-058199.txt
",2017,QTR4
1652044,Alphabet Inc.,4,2017-11-02,"edgar/data/1652044/0001209191-17-058788.txt
",2017,QTR4
1652044,Alphabet Inc.,4,2017-11-02,"edgar/data/1652044/0001209191-17-058889.txt
",2017,QTR4
1652044,Alphabet Inc.,4,2017-11-02,"edgar/data/1652044/0001209191-17-058977.txt
",2017,QTR4
1652044,Alphabet Inc.,4,2017-11-03,"edgar/data/1652044/0000899243-17-025349.txt
",2017,QTR4
1652044,Alphabet Inc.,4,2017-11-09,"edgar/data/1652044/0001209191-17-060111.txt
",2017,QTR4
1652044,Alphabet Inc.,4,2017-11-16,"edgar/data/1652044/0001209191-17-061275.txt
",2017,QTR4
1652044,Alphabet Inc.,4,2017-11-17,"edgar/data/1652044/0001209191-17-061367.txt
",2017,QTR4
1652044,Alphabet Inc.,4,2017-11-20,"edgar/data/1652044/0000899243-17-027017.txt
",2017,QTR4
1652044,Alphabet Inc.,4,2017-11-20,"edgar/data/1652044/0001209191-17-061912.txt
",2017,QTR4
1652044,Alphabet Inc.,4,2017-11-28,"edgar/data/1652044/0001209191-17-062749.txt
",2017,QTR4
1652044,Alphabet Inc.,4,2017-11-28,"edgar/data/1652044/0001209191-17-062758.txt
",2017,QTR4
1652044,Alphabet Inc.,4,2017-11-28,"edgar/data/1652044/0001209191-17-062764.txt
",2017,QTR4
1652044,Alphabet Inc.,4,2017-11-29,"edgar/data/1652044/0001209191-17-062808.txt
",2017,QTR4
1652044,Alphabet Inc.,4,2017-12-01,"edgar/data/1652044/0001209191-17-063294.txt
",2017,QTR4
1652044,Alphabet Inc.,4,2017-12-01,"edgar/data/1652044/0001209191-17-063297.txt
",2017,QTR4
1652044,Alphabet Inc.,4,2017-12-04,"edgar/data/1652044/0001209191-17-063435.txt
",2017,QTR4
1652044,Alphabet Inc.,4,2017-12-06,"edgar/data/1652044/0001209191-17-064189.txt
",2017,QTR4
1652044,Alphabet Inc.,4,2017-12-21,"edgar/data/1652044/0001209191-17-066885.txt
",2017,QTR4
1652044,Alphabet Inc.,4,2017-12-26,"edgar/data/1652044/0001209191-17-067299.txt
",2017,QTR4
1652044,Alphabet Inc.,4,2017-12-28,"edgar/data/1652044/0001209191-17-067493.txt
",2017,QTR4
1652044,Alphabet Inc.,4,2017-12-28,"edgar/data/1652044/0001209191-17-067515.txt
",2017,QTR4
1652044,Alphabet Inc.,4,2017-12-28,"edgar/data/1652044/0001209191-17-067518.txt
",2017,QTR4
1652044,Alphabet Inc.,4,2017-12-28,"edgar/data/1652044/0001209191-17-067543.txt
",2017,QTR4
1652044,Alphabet Inc.,8-K,2017-10-26,"edgar/data/1652044/0001652044-17-000039.txt
",2017,QTR4
1652044,Alphabet Inc.,8-K,2017-12-21,"edgar/data/1652044/0001193125-17-376656.txt
",2017,QTR4
1652044,Alphabet Inc.,CORRESP,2017-10-05,"edgar/data/1652044/0001652044-17-000034.txt
",2017,QTR4
1652044,Alphabet Inc.,CORRESP,2017-10-16,"edgar/data/1652044/0001652044-17-000036.txt
",2017,QTR4
1652044,Alphabet Inc.,CORRESP,2017-11-20,"edgar/data/1652044/0001652044-17-000045.txt
",2017,QTR4
1652044,Alphabet Inc.,CORRESP,2017-12-15,"edgar/data/1652044/0001652044-17-000048.txt
",2017,QTR4
1652044,Alphabet Inc.,UPLOAD,2017-11-08,"edgar/data/1652044/0000000000-17-039681.txt
",2017,QTR4
1652044,Alphabet Inc.,10-K,2018-02-06,"edgar/data/1652044/0001652044-18-000007.txt
",2018,QTR1
1652044,Alphabet Inc.,3,2018-01-25,"edgar/data/1652044/0000899243-18-001920.txt
",2018,QTR1
1652044,Alphabet Inc.,3,2018-01-25,"edgar/data/1652044/0000899243-18-001939.txt
",2018,QTR1
1652044,Alphabet Inc.,3,2018-03-14,"edgar/data/1652044/0000899243-18-007405.txt
",2018,QTR1
1652044,Alphabet Inc.,3,2018-03-14,"edgar/data/1652044/0000899243-18-007414.txt
",2018,QTR1
1652044,Alphabet Inc.,4/A,2018-03-28,"edgar/data/1652044/0001209191-18-021894.txt
",2018,QTR1
1652044,Alphabet Inc.,4,2018-01-02,"edgar/data/1652044/0000899243-18-000007.txt
",2018,QTR1
1652044,Alphabet Inc.,4,2018-01-02,"edgar/data/1652044/0001209191-18-000052.txt
",2018,QTR1
1652044,Alphabet Inc.,4,2018-01-02,"edgar/data/1652044/0001209191-18-000077.txt
",2018,QTR1
1652044,Alphabet Inc.,4,2018-01-04,"edgar/data/1652044/0001209191-18-001720.txt
",2018,QTR1
1652044,Alphabet Inc.,4,2018-01-04,"edgar/data/1652044/0001209191-18-001722.txt
",2018,QTR1
1652044,Alphabet Inc.,4,2018-01-17,"edgar/data/1652044/0001209191-18-004112.txt
",2018,QTR1
1652044,Alphabet Inc.,4,2018-01-26,"edgar/data/1652044/0001209191-18-005744.txt
",2018,QTR1
1652044,Alphabet Inc.,4,2018-01-26,"edgar/data/1652044/0001209191-18-005746.txt
",2018,QTR1
1652044,Alphabet Inc.,4,2018-01-26,"edgar/data/1652044/0001209191-18-005748.txt
",2018,QTR1
1652044,Alphabet Inc.,4,2018-01-30,"edgar/data/1652044/0000899243-18-002277.txt
",2018,QTR1
1652044,Alphabet Inc.,4,2018-01-30,"edgar/data/1652044/0000899243-18-002282.txt
",2018,QTR1
1652044,Alphabet Inc.,4,2018-02-01,"edgar/data/1652044/0001209191-18-006551.txt
",2018,QTR1
1652044,Alphabet Inc.,4,2018-02-01,"edgar/data/1652044/0001209191-18-006557.txt
",2018,QTR1
1652044,Alphabet Inc.,4,2018-02-05,"edgar/data/1652044/0001209191-18-007728.txt
",2018,QTR1
1652044,Alphabet Inc.,4,2018-02-09,"edgar/data/1652044/0001209191-18-008949.txt
",2018,QTR1
1652044,Alphabet Inc.,4,2018-02-12,"edgar/data/1652044/0001209191-18-009274.txt
",2018,QTR1
1652044,Alphabet Inc.,4,2018-02-15,"edgar/data/1652044/0001209191-18-010562.txt
",2018,QTR1
1652044,Alphabet Inc.,4,2018-02-22,"edgar/data/1652044/0001209191-18-012222.txt
",2018,QTR1
1652044,Alphabet Inc.,4,2018-02-27,"edgar/data/1652044/0001209191-18-014074.txt
",2018,QTR1
1652044,Alphabet Inc.,4,2018-02-27,"edgar/data/1652044/0001209191-18-014201.txt
",2018,QTR1
1652044,Alphabet Inc.,4,2018-02-27,"edgar/data/1652044/0001209191-18-014229.txt
",2018,QTR1
1652044,Alphabet Inc.,4,2018-03-01,"edgar/data/1652044/0001209191-18-015216.txt
",2018,QTR1
1652044,Alphabet Inc.,4,2018-03-01,"edgar/data/1652044/0001209191-18-015242.txt
",2018,QTR1
1652044,Alphabet Inc.,4,2018-03-05,"edgar/data/1652044/0001209191-18-016701.txt
",2018,QTR1
1652044,Alphabet Inc.,4,2018-03-07,"edgar/data/1652044/0001209191-18-017858.txt
",2018,QTR1
1652044,Alphabet Inc.,4,2018-03-09,"edgar/data/1652044/0001209191-18-018636.txt
",2018,QTR1
1652044,Alphabet Inc.,4,2018-03-09,"edgar/data/1652044/0001209191-18-018640.txt
",2018,QTR1
1652044,Alphabet Inc.,4,2018-03-09,"edgar/data/1652044/0001209191-18-018647.txt
",2018,QTR1
1652044,Alphabet Inc.,4,2018-03-12,"edgar/data/1652044/0001209191-18-018780.txt
",2018,QTR1
1652044,Alphabet Inc.,4,2018-03-19,"edgar/data/1652044/0000899243-18-007988.txt
",2018,QTR1
1652044,Alphabet Inc.,4,2018-03-19,"edgar/data/1652044/0000899243-18-007990.txt
",2018,QTR1
1652044,Alphabet Inc.,4,2018-03-21,"edgar/data/1652044/0001209191-18-021156.txt
",2018,QTR1
1652044,Alphabet Inc.,4,2018-03-28,"edgar/data/1652044/0001209191-18-021881.txt
",2018,QTR1
1652044,Alphabet Inc.,4,2018-03-28,"edgar/data/1652044/0001209191-18-021883.txt
",2018,QTR1
1652044,Alphabet Inc.,4,2018-03-28,"edgar/data/1652044/0001209191-18-021965.txt
",2018,QTR1
1652044,Alphabet Inc.,4,2018-03-28,"edgar/data/1652044/0001209191-18-021986.txt
",2018,QTR1
1652044,Alphabet Inc.,4,2018-03-28,"edgar/data/1652044/0001209191-18-021990.txt
",2018,QTR1
1652044,Alphabet Inc.,5,2018-02-08,"edgar/data/1652044/0001209191-18-008576.txt
",2018,QTR1
1652044,Alphabet Inc.,5,2018-02-08,"edgar/data/1652044/0001209191-18-008601.txt
",2018,QTR1
1652044,Alphabet Inc.,5,2018-02-08,"edgar/data/1652044/0001209191-18-008623.txt
",2018,QTR1
1652044,Alphabet Inc.,5,2018-02-08,"edgar/data/1652044/0001209191-18-008631.txt
",2018,QTR1
1652044,Alphabet Inc.,5,2018-02-09,"edgar/data/1652044/0001209191-18-008994.txt
",2018,QTR1
1652044,Alphabet Inc.,5,2018-02-09,"edgar/data/1652044/0001209191-18-009023.txt
",2018,QTR1
1652044,Alphabet Inc.,8-K,2018-02-01,"edgar/data/1652044/0001652044-18-000004.txt
",2018,QTR1
1652044,Alphabet Inc.,SC 13G/A,2018-01-29,"edgar/data/1652044/0000215457-18-003806.txt
",2018,QTR1
1652044,Alphabet Inc.,SC 13G/A,2018-02-12,"edgar/data/1652044/0000932471-18-004768.txt
",2018,QTR1
1652044,Alphabet Inc.,SC 13G/A,2018-02-12,"edgar/data/1652044/0000932471-18-004771.txt
",2018,QTR1
1652044,Alphabet Inc.,SC 13G/A,2018-02-12,"edgar/data/1652044/0001295032-18-000002.txt
",2018,QTR1
1652044,Alphabet Inc.,SC 13G/A,2018-02-12,"edgar/data/1652044/0001295231-18-000002.txt
",2018,QTR1
1652044,Alphabet Inc.,SC 13G/A,2018-02-13,"edgar/data/1652044/0000315066-18-001018.txt
",2018,QTR1
1652044,Alphabet Inc.,SC 13G/A,2018-02-13,"edgar/data/1652044/0001193125-18-042754.txt
",2018,QTR1
1652044,Alphabet Inc.,SC 13G,2018-02-01,"edgar/data/1652044/0000215457-18-004641.txt
",2018,QTR1
1652044,Alphabet Inc.,UPLOAD,2018-01-26,"edgar/data/1652044/0000000000-18-002893.txt
",2018,QTR1
1652044,Alphabet Inc.,10-Q,2018-04-24,"edgar/data/1652044/0001652044-18-000016.txt
",2018,QTR2
1652044,Alphabet Inc.,3,2018-04-27,"edgar/data/1652044/0001209191-18-026712.txt
",2018,QTR2
1652044,Alphabet Inc.,3,2018-06-20,"edgar/data/1652044/0000899243-18-017513.txt
",2018,QTR2
1652044,Alphabet Inc.,4,2018-04-02,"edgar/data/1652044/0001209191-18-022318.txt
",2018,QTR2
1652044,Alphabet Inc.,4,2018-04-02,"edgar/data/1652044/0001209191-18-022402.txt
",2018,QTR2
1652044,Alphabet Inc.,4,2018-04-05,"edgar/data/1652044/0001209191-18-023986.txt
",2018,QTR2
1652044,Alphabet Inc.,4,2018-04-12,"edgar/data/1652044/0001209191-18-024794.txt
",2018,QTR2
1652044,Alphabet Inc.,4,2018-04-18,"edgar/data/1652044/0001209191-18-025461.txt
",2018,QTR2
1652044,Alphabet Inc.,4,2018-04-27,"edgar/data/1652044/0001209191-18-026714.txt
",2018,QTR2
1652044,Alphabet Inc.,4,2018-04-27,"edgar/data/1652044/0001209191-18-026730.txt
",2018,QTR2
1652044,Alphabet Inc.,4,2018-04-27,"edgar/data/1652044/0001209191-18-026759.txt
",2018,QTR2
1652044,Alphabet Inc.,4,2018-04-27,"edgar/data/1652044/0001209191-18-026762.txt
",2018,QTR2
1652044,Alphabet Inc.,4,2018-05-02,"edgar/data/1652044/0001209191-18-027388.txt
",2018,QTR2
1652044,Alphabet Inc.,4,2018-05-02,"edgar/data/1652044/0001209191-18-027422.txt
",2018,QTR2
1652044,Alphabet Inc.,4,2018-05-02,"edgar/data/1652044/0001209191-18-027440.txt
",2018,QTR2
1652044,Alphabet Inc.,4,2018-05-15,"edgar/data/1652044/0001209191-18-030345.txt
",2018,QTR2
1652044,Alphabet Inc.,4,2018-05-16,"edgar/data/1652044/0001209191-18-030721.txt
",2018,QTR2
1652044,Alphabet Inc.,4,2018-05-16,"edgar/data/1652044/0001209191-18-030729.txt
",2018,QTR2
1652044,Alphabet Inc.,4,2018-05-29,"edgar/data/1652044/0001209191-18-033967.txt
",2018,QTR2
1652044,Alphabet Inc.,4,2018-05-29,"edgar/data/1652044/0001209191-18-033981.txt
",2018,QTR2
1652044,Alphabet Inc.,4,2018-05-29,"edgar/data/1652044/0001209191-18-034053.txt
",2018,QTR2
1652044,Alphabet Inc.,4,2018-05-30,"edgar/data/1652044/0001209191-18-034069.txt
",2018,QTR2
1652044,Alphabet Inc.,4,2018-05-30,"edgar/data/1652044/0001209191-18-034084.txt
",2018,QTR2
1652044,Alphabet Inc.,4,2018-06-01,"edgar/data/1652044/0001209191-18-034579.txt
",2018,QTR2
1652044,Alphabet Inc.,4,2018-06-04,"edgar/data/1652044/0001209191-18-035367.txt
",2018,QTR2
1652044,Alphabet Inc.,4,2018-06-07,"edgar/data/1652044/0001209191-18-036255.txt
",2018,QTR2
1652044,Alphabet Inc.,4,2018-06-13,"edgar/data/1652044/0001209191-18-037594.txt
",2018,QTR2
1652044,Alphabet Inc.,4,2018-06-21,"edgar/data/1652044/0001209191-18-039032.txt
",2018,QTR2
1652044,Alphabet Inc.,4,2018-06-27,"edgar/data/1652044/0000899243-18-018327.txt
",2018,QTR2
1652044,Alphabet Inc.,4,2018-06-27,"edgar/data/1652044/0001209191-18-039582.txt
",2018,QTR2
1652044,Alphabet Inc.,4,2018-06-27,"edgar/data/1652044/0001209191-18-039584.txt
",2018,QTR2
1652044,Alphabet Inc.,4,2018-06-27,"edgar/data/1652044/0001209191-18-039622.txt
",2018,QTR2
1652044,Alphabet Inc.,4,2018-06-27,"edgar/data/1652044/0001209191-18-039632.txt
",2018,QTR2
1652044,Alphabet Inc.,4,2018-06-27,"edgar/data/1652044/0001209191-18-039703.txt
",2018,QTR2
1652044,Alphabet Inc.,8-K,2018-04-23,"edgar/data/1652044/0001652044-18-000011.txt
",2018,QTR2
1652044,Alphabet Inc.,8-K,2018-06-08,"edgar/data/1652044/0001193125-18-188050.txt
",2018,QTR2
1652044,Alphabet Inc.,DEF 14A,2018-04-27,"edgar/data/1652044/0001308179-18-000222.txt
",2018,QTR2
1652044,Alphabet Inc.,DEFA14A,2018-04-27,"edgar/data/1652044/0001308179-18-000223.txt
",2018,QTR2
1652044,Alphabet Inc.,PX14A6G,2018-05-14,"edgar/data/1652044/0001214659-18-003664.txt
",2018,QTR2
1652044,Alphabet Inc.,PX14A6G,2018-05-23,"edgar/data/1652044/0001214659-18-003975.txt
",2018,QTR2
1652044,Alphabet Inc.,PX14A6G,2018-05-25,"edgar/data/1652044/0001214659-18-004054.txt
",2018,QTR2
1652044,Alphabet Inc.,SD,2018-05-30,"edgar/data/1652044/0001652044-18-000019.txt
",2018,QTR2
1652044,Alphabet Inc.,10-Q,2018-07-24,"edgar/data/1652044/0001652044-18-000027.txt
",2018,QTR3
1652044,Alphabet Inc.,4,2018-07-02,"edgar/data/1652044/0000899243-18-018791.txt
",2018,QTR3
1652044,Alphabet Inc.,4,2018-07-02,"edgar/data/1652044/0001209191-18-040254.txt
",2018,QTR3
1652044,Alphabet Inc.,4,2018-07-03,"edgar/data/1652044/0001209191-18-040674.txt
",2018,QTR3
1652044,Alphabet Inc.,4,2018-07-05,"edgar/data/1652044/0001209191-18-041446.txt
",2018,QTR3
1652044,Alphabet Inc.,4,2018-07-12,"edgar/data/1652044/0001209191-18-042426.txt
",2018,QTR3
1652044,Alphabet Inc.,4,2018-07-12,"edgar/data/1652044/0001209191-18-042429.txt
",2018,QTR3
1652044,Alphabet Inc.,4,2018-07-12,"edgar/data/1652044/0001209191-18-042433.txt
",2018,QTR3
1652044,Alphabet Inc.,4,2018-07-12,"edgar/data/1652044/0001209191-18-042435.txt
",2018,QTR3
1652044,Alphabet Inc.,4,2018-07-12,"edgar/data/1652044/0001209191-18-042438.txt
",2018,QTR3
1652044,Alphabet Inc.,4,2018-07-13,"edgar/data/1652044/0001209191-18-042584.txt
",2018,QTR3
1652044,Alphabet Inc.,4,2018-07-16,"edgar/data/1652044/0001209191-18-042604.txt
",2018,QTR3
1652044,Alphabet Inc.,4,2018-07-19,"edgar/data/1652044/0001209191-18-043318.txt
",2018,QTR3
1652044,Alphabet Inc.,4,2018-07-27,"edgar/data/1652044/0001209191-18-044222.txt
",2018,QTR3
1652044,Alphabet Inc.,4,2018-07-27,"edgar/data/1652044/0001209191-18-044227.txt
",2018,QTR3
1652044,Alphabet Inc.,4,2018-07-27,"edgar/data/1652044/0001209191-18-044235.txt
",2018,QTR3
1652044,Alphabet Inc.,4,2018-07-27,"edgar/data/1652044/0001209191-18-044239.txt
",2018,QTR3
1652044,Alphabet Inc.,4,2018-08-01,"edgar/data/1652044/0001209191-18-044795.txt
",2018,QTR3
1652044,Alphabet Inc.,4,2018-08-01,"edgar/data/1652044/0001209191-18-044798.txt
",2018,QTR3
1652044,Alphabet Inc.,4,2018-08-03,"edgar/data/1652044/0001209191-18-045191.txt
",2018,QTR3
1652044,Alphabet Inc.,4,2018-08-13,"edgar/data/1652044/0001209191-18-046461.txt
",2018,QTR3
1652044,Alphabet Inc.,4,2018-08-15,"edgar/data/1652044/0001209191-18-046893.txt
",2018,QTR3
1652044,Alphabet Inc.,4,2018-08-15,"edgar/data/1652044/0001209191-18-046906.txt
",2018,QTR3
1652044,Alphabet Inc.,4,2018-08-29,"edgar/data/1652044/0001209191-18-048800.txt
",2018,QTR3
1652044,Alphabet Inc.,4,2018-08-29,"edgar/data/1652044/0001209191-18-048856.txt
",2018,QTR3
1652044,Alphabet Inc.,4,2018-08-29,"edgar/data/1652044/0001209191-18-048872.txt
",2018,QTR3
1652044,Alphabet Inc.,4,2018-08-29,"edgar/data/1652044/0001209191-18-048875.txt
",2018,QTR3
1652044,Alphabet Inc.,4,2018-09-04,"edgar/data/1652044/0001209191-18-049175.txt
",2018,QTR3
1652044,Alphabet Inc.,4,2018-09-05,"edgar/data/1652044/0001209191-18-049629.txt
",2018,QTR3
1652044,Alphabet Inc.,4,2018-09-05,"edgar/data/1652044/0001209191-18-049642.txt
",2018,QTR3
1652044,Alphabet Inc.,4,2018-09-13,"edgar/data/1652044/0001209191-18-050929.txt
",2018,QTR3
1652044,Alphabet Inc.,4,2018-09-19,"edgar/data/1652044/0001209191-18-051718.txt
",2018,QTR3
1652044,Alphabet Inc.,4,2018-09-27,"edgar/data/1652044/0001209191-18-052437.txt
",2018,QTR3
1652044,Alphabet Inc.,4,2018-09-27,"edgar/data/1652044/0001209191-18-052475.txt
",2018,QTR3
1652044,Alphabet Inc.,4,2018-09-27,"edgar/data/1652044/0001209191-18-052502.txt
",2018,QTR3
1652044,Alphabet Inc.,4,2018-09-27,"edgar/data/1652044/0001209191-18-052505.txt
",2018,QTR3
1652044,Alphabet Inc.,4,2018-09-27,"edgar/data/1652044/0001209191-18-052510.txt
",2018,QTR3
1652044,Alphabet Inc.,8-K,2018-07-18,"edgar/data/1652044/0001193125-18-220240.txt
",2018,QTR3
1652044,Alphabet Inc.,8-K,2018-07-23,"edgar/data/1652044/0001652044-18-000025.txt
",2018,QTR3
1652044,Alphabet Inc.,S-8,2018-07-24,"edgar/data/1652044/0001193125-18-224022.txt
",2018,QTR3
1652044,Alphabet Inc.,10-Q,2018-10-26,"edgar/data/1652044/0001652044-18-000035.txt
",2018,QTR4
1652044,Alphabet Inc.,4,2018-10-01,"edgar/data/1652044/0001209191-18-052676.txt
",2018,QTR4
1652044,Alphabet Inc.,4,2018-10-03,"edgar/data/1652044/0001209191-18-053633.txt
",2018,QTR4
1652044,Alphabet Inc.,4,2018-10-04,"edgar/data/1652044/0001209191-18-054321.txt
",2018,QTR4
1652044,Alphabet Inc.,4,2018-10-15,"edgar/data/1652044/0001209191-18-055007.txt
",2018,QTR4
1652044,Alphabet Inc.,4,2018-10-25,"edgar/data/1652044/0001209191-18-056192.txt
",2018,QTR4
1652044,Alphabet Inc.,4,2018-10-26,"edgar/data/1652044/0001209191-18-056334.txt
",2018,QTR4
1652044,Alphabet Inc.,4,2018-10-29,"edgar/data/1652044/0001209191-18-056389.txt
",2018,QTR4
1652044,Alphabet Inc.,4,2018-10-29,"edgar/data/1652044/0001209191-18-056391.txt
",2018,QTR4
1652044,Alphabet Inc.,4,2018-11-02,"edgar/data/1652044/0001209191-18-056871.txt
",2018,QTR4
1652044,Alphabet Inc.,4,2018-11-02,"edgar/data/1652044/0001209191-18-056875.txt
",2018,QTR4
1652044,Alphabet Inc.,4,2018-11-09,"edgar/data/1652044/0001209191-18-057906.txt
",2018,QTR4
1652044,Alphabet Inc.,4,2018-11-13,"edgar/data/1652044/0001209191-18-058400.txt
",2018,QTR4
1652044,Alphabet Inc.,4,2018-11-19,"edgar/data/1652044/0001209191-18-059133.txt
",2018,QTR4
1652044,Alphabet Inc.,4,2018-11-21,"edgar/data/1652044/0001209191-18-059767.txt
",2018,QTR4
1652044,Alphabet Inc.,4,2018-11-27,"edgar/data/1652044/0001209191-18-060050.txt
",2018,QTR4
1652044,Alphabet Inc.,4,2018-11-27,"edgar/data/1652044/0001209191-18-060060.txt
",2018,QTR4
1652044,Alphabet Inc.,4,2018-11-27,"edgar/data/1652044/0001209191-18-060078.txt
",2018,QTR4
1652044,Alphabet Inc.,4,2018-11-27,"edgar/data/1652044/0001209191-18-060081.txt
",2018,QTR4
1652044,Alphabet Inc.,4,2018-12-03,"edgar/data/1652044/0001209191-18-060661.txt
",2018,QTR4
1652044,Alphabet Inc.,4,2018-12-03,"edgar/data/1652044/0001209191-18-060691.txt
",2018,QTR4
1652044,Alphabet Inc.,4,2018-12-04,"edgar/data/1652044/0001209191-18-060759.txt
",2018,QTR4
1652044,Alphabet Inc.,4,2018-12-06,"edgar/data/1652044/0001209191-18-061340.txt
",2018,QTR4
1652044,Alphabet Inc.,4,2018-12-12,"edgar/data/1652044/0001209191-18-062185.txt
",2018,QTR4
1652044,Alphabet Inc.,4,2018-12-19,"edgar/data/1652044/0001209191-18-063541.txt
",2018,QTR4
1652044,Alphabet Inc.,4,2018-12-27,"edgar/data/1652044/0001209191-18-064217.txt
",2018,QTR4
1652044,Alphabet Inc.,4,2018-12-28,"edgar/data/1652044/0001209191-18-064305.txt
",2018,QTR4
1652044,Alphabet Inc.,4,2018-12-28,"edgar/data/1652044/0001209191-18-064315.txt
",2018,QTR4
1652044,Alphabet Inc.,4,2018-12-28,"edgar/data/1652044/0001209191-18-064333.txt
",2018,QTR4
1652044,Alphabet Inc.,4,2018-12-28,"edgar/data/1652044/0001209191-18-064345.txt
",2018,QTR4
1652044,Alphabet Inc.,4,2018-12-28,"edgar/data/1652044/0001209191-18-064354.txt
",2018,QTR4
1652044,Alphabet Inc.,4,2018-12-31,"edgar/data/1652044/0000899243-18-031969.txt
",2018,QTR4
1652044,Alphabet Inc.,8-K,2018-10-25,"edgar/data/1652044/0001652044-18-000033.txt
",2018,QTR4
1652044,Alphabet Inc.,10-K/A,2019-02-06,"edgar/data/1652044/0001193125-19-028757.txt
",2019,QTR1
1652044,Alphabet Inc.,10-K,2019-02-05,"edgar/data/1652044/0001652044-19-000004.txt
",2019,QTR1
1652044,Alphabet Inc.,4,2019-01-02,"edgar/data/1652044/0001209191-19-000114.txt
",2019,QTR1
1652044,Alphabet Inc.,4,2019-01-02,"edgar/data/1652044/0001209191-19-000516.txt
",2019,QTR1
1652044,Alphabet Inc.,4,2019-01-03,"edgar/data/1652044/0001209191-19-001203.txt
",2019,QTR1
1652044,Alphabet Inc.,4,2019-01-14,"edgar/data/1652044/0001209191-19-003561.txt
",2019,QTR1
1652044,Alphabet Inc.,4,2019-01-16,"edgar/data/1652044/0001209191-19-004001.txt
",2019,QTR1
1652044,Alphabet Inc.,4,2019-01-18,"edgar/data/1652044/0001209191-19-004595.txt
",2019,QTR1
1652044,Alphabet Inc.,4,2019-01-28,"edgar/data/1652044/0001209191-19-005690.txt
",2019,QTR1
1652044,Alphabet Inc.,4,2019-01-28,"edgar/data/1652044/0001209191-19-005692.txt
",2019,QTR1
1652044,Alphabet Inc.,4,2019-01-29,"edgar/data/1652044/0001209191-19-005969.txt
",2019,QTR1
1652044,Alphabet Inc.,4,2019-02-04,"edgar/data/1652044/0001209191-19-006869.txt
",2019,QTR1
1652044,Alphabet Inc.,4,2019-02-04,"edgar/data/1652044/0001209191-19-006881.txt
",2019,QTR1
1652044,Alphabet Inc.,4,2019-02-27,"edgar/data/1652044/0001209191-19-014175.txt
",2019,QTR1
1652044,Alphabet Inc.,4,2019-02-27,"edgar/data/1652044/0001209191-19-014248.txt
",2019,QTR1
1652044,Alphabet Inc.,4,2019-02-27,"edgar/data/1652044/0001209191-19-014276.txt
",2019,QTR1
1652044,Alphabet Inc.,4,2019-03-04,"edgar/data/1652044/0001209191-19-015367.txt
",2019,QTR1
1652044,Alphabet Inc.,4,2019-03-04,"edgar/data/1652044/0001209191-19-015376.txt
",2019,QTR1
1652044,Alphabet Inc.,4,2019-03-13,"edgar/data/1652044/0001209191-19-019226.txt
",2019,QTR1
1652044,Alphabet Inc.,4,2019-03-26,"edgar/data/1652044/0001209191-19-021379.txt
",2019,QTR1
1652044,Alphabet Inc.,4,2019-03-26,"edgar/data/1652044/0001209191-19-021380.txt
",2019,QTR1
1652044,Alphabet Inc.,4,2019-03-27,"edgar/data/1652044/0001209191-19-021470.txt
",2019,QTR1
1652044,Alphabet Inc.,4,2019-03-27,"edgar/data/1652044/0001209191-19-021503.txt
",2019,QTR1
1652044,Alphabet Inc.,5,2019-02-12,"edgar/data/1652044/0001209191-19-009296.txt
",2019,QTR1
1652044,Alphabet Inc.,5,2019-02-12,"edgar/data/1652044/0001209191-19-009535.txt
",2019,QTR1
1652044,Alphabet Inc.,5,2019-02-13,"edgar/data/1652044/0001209191-19-009548.txt
",2019,QTR1
1652044,Alphabet Inc.,5,2019-02-13,"edgar/data/1652044/0001209191-19-009549.txt
",2019,QTR1
1652044,Alphabet Inc.,5,2019-02-13,"edgar/data/1652044/0001209191-19-009571.txt
",2019,QTR1
1652044,Alphabet Inc.,5,2019-02-13,"edgar/data/1652044/0001209191-19-009937.txt
",2019,QTR1
1652044,Alphabet Inc.,8-K,2019-02-04,"edgar/data/1652044/0001652044-19-000002.txt
",2019,QTR1
1652044,Alphabet Inc.,8-K,2019-03-20,"edgar/data/1652044/0001193125-19-080167.txt
",2019,QTR1
1652044,Alphabet Inc.,DEFA14A,2019-03-04,"edgar/data/1652044/0001193125-19-062610.txt
",2019,QTR1
1652044,Alphabet Inc.,S-3ASR,2019-02-05,"edgar/data/1652044/0001193125-19-027396.txt
",2019,QTR1
1652044,Alphabet Inc.,SC 13G/A,2019-02-04,"edgar/data/1652044/0000215457-19-003125.txt
",2019,QTR1
1652044,Alphabet Inc.,SC 13G/A,2019-02-11,"edgar/data/1652044/0000215457-19-007344.txt
",2019,QTR1
1652044,Alphabet Inc.,SC 13G/A,2019-02-11,"edgar/data/1652044/0000932471-19-005050.txt
",2019,QTR1
1652044,Alphabet Inc.,SC 13G/A,2019-02-11,"edgar/data/1652044/0000932471-19-005054.txt
",2019,QTR1
1652044,Alphabet Inc.,SC 13G/A,2019-02-13,"edgar/data/1652044/0000315066-19-000864.txt
",2019,QTR1
1652044,Alphabet Inc.,SC 13G/A,2019-02-14,"edgar/data/1652044/0001193125-19-038289.txt
",2019,QTR1
1652044,Alphabet Inc.,SC 13G/A,2019-02-14,"edgar/data/1652044/0001193125-19-039055.txt
",2019,QTR1
1652044,Alphabet Inc.,SC 13G/A,2019-02-14,"edgar/data/1652044/0001193125-19-041124.txt
",2019,QTR1
1652044,Alphabet Inc.,10-Q,2019-04-30,"edgar/data/1652044/0001652044-19-000015.txt
",2019,QTR2
1652044,Alphabet Inc.,3,2019-05-03,"edgar/data/1652044/0001209191-19-027412.txt
",2019,QTR2
1652044,Alphabet Inc.,3,2019-06-11,"edgar/data/1652044/0000899243-19-016435.txt
",2019,QTR2
1652044,Alphabet Inc.,4,2019-04-02,"edgar/data/1652044/0001209191-19-022835.txt
",2019,QTR2
1652044,Alphabet Inc.,4,2019-04-03,"edgar/data/1652044/0001209191-19-023351.txt
",2019,QTR2
1652044,Alphabet Inc.,4,2019-04-03,"edgar/data/1652044/0001209191-19-023568.txt
",2019,QTR2
1652044,Alphabet Inc.,4,2019-04-26,"edgar/data/1652044/0001209191-19-026303.txt
",2019,QTR2
1652044,Alphabet Inc.,4,2019-04-26,"edgar/data/1652044/0001209191-19-026307.txt
",2019,QTR2
1652044,Alphabet Inc.,4,2019-04-30,"edgar/data/1652044/0001209191-19-026630.txt
",2019,QTR2
1652044,Alphabet Inc.,4,2019-05-01,"edgar/data/1652044/0001209191-19-026774.txt
",2019,QTR2
1652044,Alphabet Inc.,4,2019-05-02,"edgar/data/1652044/0001209191-19-027082.txt
",2019,QTR2
1652044,Alphabet Inc.,4,2019-05-03,"edgar/data/1652044/0001209191-19-027424.txt
",2019,QTR2
1652044,Alphabet Inc.,4,2019-05-30,"edgar/data/1652044/0001209191-19-033454.txt
",2019,QTR2
1652044,Alphabet Inc.,4,2019-05-30,"edgar/data/1652044/0001209191-19-033478.txt
",2019,QTR2
1652044,Alphabet Inc.,4,2019-06-05,"edgar/data/1652044/0001209191-19-034949.txt
",2019,QTR2
1652044,Alphabet Inc.,4,2019-06-11,"edgar/data/1652044/0001209191-19-036040.txt
",2019,QTR2
1652044,Alphabet Inc.,4,2019-06-18,"edgar/data/1652044/0000899243-19-017277.txt
",2019,QTR2
1652044,Alphabet Inc.,4,2019-06-27,"edgar/data/1652044/0001209191-19-039300.txt
",2019,QTR2
1652044,Alphabet Inc.,4,2019-06-27,"edgar/data/1652044/0001209191-19-039355.txt
",2019,QTR2
1652044,Alphabet Inc.,4,2019-06-27,"edgar/data/1652044/0001209191-19-039360.txt
",2019,QTR2
1652044,Alphabet Inc.,4,2019-06-27,"edgar/data/1652044/0001209191-19-039384.txt
",2019,QTR2
1652044,Alphabet Inc.,8-K,2019-04-29,"edgar/data/1652044/0001652044-19-000011.txt
",2019,QTR2
1652044,Alphabet Inc.,8-K,2019-04-30,"edgar/data/1652044/0001193125-19-129411.txt
",2019,QTR2
1652044,Alphabet Inc.,8-K,2019-06-21,"edgar/data/1652044/0001193125-19-178962.txt
",2019,QTR2
1652044,Alphabet Inc.,DEF 14A,2019-04-30,"edgar/data/1652044/0001308179-19-000205.txt
",2019,QTR2
1652044,Alphabet Inc.,DEFA14A,2019-04-03,"edgar/data/1652044/0001193125-19-095914.txt
",2019,QTR2
1652044,Alphabet Inc.,DEFA14A,2019-04-03,"edgar/data/1652044/0001193125-19-096735.txt
",2019,QTR2
1652044,Alphabet Inc.,DEFA14A,2019-04-25,"edgar/data/1652044/0001193125-19-119954.txt
",2019,QTR2
1652044,Alphabet Inc.,DEFA14A,2019-04-30,"edgar/data/1652044/0001193125-19-129415.txt
",2019,QTR2
1652044,Alphabet Inc.,DEFA14A,2019-04-30,"edgar/data/1652044/0001308179-19-000206.txt
",2019,QTR2
1652044,Alphabet Inc.,DEFA14A,2019-06-19,"edgar/data/1652044/0001193125-19-175837.txt
",2019,QTR2
1652044,Alphabet Inc.,PX14A6G,2019-05-07,"edgar/data/1652044/0001214659-19-003237.txt
",2019,QTR2
1652044,Alphabet Inc.,PX14A6G,2019-05-23,"edgar/data/1652044/0001214659-19-003784.txt
",2019,QTR2
1652044,Alphabet Inc.,PX14A6G,2019-05-24,"edgar/data/1652044/0001377739-19-000006.txt
",2019,QTR2
1652044,Alphabet Inc.,PX14A6G,2019-05-29,"edgar/data/1652044/0001377739-19-000008.txt
",2019,QTR2
1652044,Alphabet Inc.,PX14A6G,2019-05-29,"edgar/data/1652044/0001414734-19-000007.txt
",2019,QTR2
1652044,Alphabet Inc.,PX14A6G,2019-05-31,"edgar/data/1652044/0001377739-19-000010.txt
",2019,QTR2
1652044,Alphabet Inc.,PX14A6G,2019-06-03,"edgar/data/1652044/0001387131-19-004144.txt
",2019,QTR2
1652044,Alphabet Inc.,PX14A6G,2019-06-07,"edgar/data/1652044/0001377739-19-000023.txt
",2019,QTR2
1652044,Alphabet Inc.,PX14A6G,2019-06-14,"edgar/data/1652044/0001377739-19-000027.txt
",2019,QTR2
1652044,Alphabet Inc.,PX14A6G,2019-06-19,"edgar/data/1652044/0001085146-19-001758.txt
",2019,QTR2
1652044,Alphabet Inc.,PX14A6G,2019-06-19,"edgar/data/1652044/0001214659-19-004265.txt
",2019,QTR2
1652044,Alphabet Inc.,SD,2019-05-30,"edgar/data/1652044/0001652044-19-000018.txt
",2019,QTR2
1652044,Alphabet Inc.,10-Q,2019-07-26,"edgar/data/1652044/0001652044-19-000023.txt
",2019,QTR3
1652044,Alphabet Inc.,4,2019-07-01,"edgar/data/1652044/0001209191-19-039612.txt
",2019,QTR3
1652044,Alphabet Inc.,4,2019-07-02,"edgar/data/1652044/0000899243-19-018779.txt
",2019,QTR3
1652044,Alphabet Inc.,4,2019-07-03,"edgar/data/1652044/0001209191-19-040719.txt
",2019,QTR3
1652044,Alphabet Inc.,4,2019-07-05,"edgar/data/1652044/0001209191-19-041321.txt
",2019,QTR3
1652044,Alphabet Inc.,4,2019-07-05,"edgar/data/1652044/0001209191-19-041324.txt
",2019,QTR3
1652044,Alphabet Inc.,4,2019-07-05,"edgar/data/1652044/0001209191-19-041337.txt
",2019,QTR3
1652044,Alphabet Inc.,4,2019-07-05,"edgar/data/1652044/0001209191-19-041339.txt
",2019,QTR3
1652044,Alphabet Inc.,4,2019-07-05,"edgar/data/1652044/0001209191-19-041341.txt
",2019,QTR3
1652044,Alphabet Inc.,4,2019-07-05,"edgar/data/1652044/0001209191-19-041345.txt
",2019,QTR3
1652044,Alphabet Inc.,4,2019-07-05,"edgar/data/1652044/0001209191-19-041353.txt
",2019,QTR3
1652044,Alphabet Inc.,4,2019-07-26,"edgar/data/1652044/0001209191-19-043420.txt
",2019,QTR3
1652044,Alphabet Inc.,4,2019-07-26,"edgar/data/1652044/0001209191-19-043426.txt
",2019,QTR3
1652044,Alphabet Inc.,4,2019-07-31,"edgar/data/1652044/0001209191-19-043800.txt
",2019,QTR3
1652044,Alphabet Inc.,4,2019-08-02,"edgar/data/1652044/0001209191-19-044252.txt
",2019,QTR3
1652044,Alphabet Inc.,4,2019-08-02,"edgar/data/1652044/0001209191-19-044307.txt
",2019,QTR3
1652044,Alphabet Inc.,4,2019-08-05,"edgar/data/1652044/0001209191-19-044460.txt
",2019,QTR3
1652044,Alphabet Inc.,4,2019-08-20,"edgar/data/1652044/0001209191-19-046921.txt
",2019,QTR3
1652044,Alphabet Inc.,4,2019-08-27,"edgar/data/1652044/0001209191-19-047574.txt
",2019,QTR3
1652044,Alphabet Inc.,4,2019-09-03,"edgar/data/1652044/0001209191-19-048052.txt
",2019,QTR3
1652044,Alphabet Inc.,4,2019-09-05,"edgar/data/1652044/0001209191-19-048579.txt
",2019,QTR3
1652044,Alphabet Inc.,4,2019-09-05,"edgar/data/1652044/0001209191-19-048636.txt
",2019,QTR3
1652044,Alphabet Inc.,4,2019-09-05,"edgar/data/1652044/0001209191-19-048652.txt
",2019,QTR3
1652044,Alphabet Inc.,4,2019-09-27,"edgar/data/1652044/0001209191-19-050959.txt
",2019,QTR3
1652044,Alphabet Inc.,4,2019-09-27,"edgar/data/1652044/0001209191-19-050965.txt
",2019,QTR3
1652044,Alphabet Inc.,4,2019-09-27,"edgar/data/1652044/0001209191-19-050973.txt
",2019,QTR3
1652044,Alphabet Inc.,4,2019-09-27,"edgar/data/1652044/0001209191-19-051055.txt
",2019,QTR3
1652044,Alphabet Inc.,4,2019-09-30,"edgar/data/1652044/0001209191-19-051081.txt
",2019,QTR3
1652044,Alphabet Inc.,8-K,2019-07-25,"edgar/data/1652044/0001652044-19-000021.txt
",2019,QTR3
1652044,Alphabet Inc.,8-K,2019-09-06,"edgar/data/1652044/0001652044-19-000025.txt
",2019,QTR3
1652044,Alphabet Inc.,S-8,2019-07-26,"edgar/data/1652044/0001193125-19-202759.txt
",2019,QTR3
1652044,Alphabet Inc.,10-Q,2019-10-29,"edgar/data/1652044/0001652044-19-000032.txt
",2019,QTR4
1652044,Alphabet Inc.,3,2019-12-12,"edgar/data/1652044/0001209191-19-060249.txt
",2019,QTR4
1652044,Alphabet Inc.,4,2019-10-01,"edgar/data/1652044/0001209191-19-051330.txt
",2019,QTR4
1652044,Alphabet Inc.,4,2019-10-01,"edgar/data/1652044/0001209191-19-051335.txt
",2019,QTR4
1652044,Alphabet Inc.,4,2019-10-02,"edgar/data/1652044/0001209191-19-051971.txt
",2019,QTR4
1652044,Alphabet Inc.,4,2019-10-28,"edgar/data/1652044/0001209191-19-054289.txt
",2019,QTR4
1652044,Alphabet Inc.,4,2019-11-04,"edgar/data/1652044/0001209191-19-054959.txt
",2019,QTR4
1652044,Alphabet Inc.,4,2019-11-04,"edgar/data/1652044/0001209191-19-054988.txt
",2019,QTR4
1652044,Alphabet Inc.,4,2019-11-04,"edgar/data/1652044/0001209191-19-055051.txt
",2019,QTR4
1652044,Alphabet Inc.,4,2019-11-04,"edgar/data/1652044/0001209191-19-055053.txt
",2019,QTR4
1652044,Alphabet Inc.,4,2019-11-08,"edgar/data/1652044/0001209191-19-055758.txt
",2019,QTR4
1652044,Alphabet Inc.,4,2019-11-26,"edgar/data/1652044/0001209191-19-058201.txt
",2019,QTR4
1652044,Alphabet Inc.,4,2019-12-02,"edgar/data/1652044/0001209191-19-058615.txt
",2019,QTR4
1652044,Alphabet Inc.,4,2019-12-02,"edgar/data/1652044/0001209191-19-058618.txt
",2019,QTR4
1652044,Alphabet Inc.,4,2019-12-03,"edgar/data/1652044/0001209191-19-058787.txt
",2019,QTR4
1652044,Alphabet Inc.,4,2019-12-11,"edgar/data/1652044/0000899243-19-028989.txt
",2019,QTR4
1652044,Alphabet Inc.,4,2019-12-20,"edgar/data/1652044/0000899243-19-029818.txt
",2019,QTR4
1652044,Alphabet Inc.,4,2019-12-20,"edgar/data/1652044/0001209191-19-061443.txt
",2019,QTR4
1652044,Alphabet Inc.,4,2019-12-30,"edgar/data/1652044/0000899243-19-030172.txt
",2019,QTR4
1652044,Alphabet Inc.,4,2019-12-30,"edgar/data/1652044/0000899243-19-030183.txt
",2019,QTR4
1652044,Alphabet Inc.,4,2019-12-30,"edgar/data/1652044/0001209191-19-062120.txt
",2019,QTR4
1652044,Alphabet Inc.,4,2019-12-30,"edgar/data/1652044/0001209191-19-062127.txt
",2019,QTR4
1652044,Alphabet Inc.,4,2019-12-30,"edgar/data/1652044/0001209191-19-062130.txt
",2019,QTR4
1652044,Alphabet Inc.,4,2019-12-30,"edgar/data/1652044/0001209191-19-062133.txt
",2019,QTR4
1652044,Alphabet Inc.,8-K,2019-10-28,"edgar/data/1652044/0001652044-19-000030.txt
",2019,QTR4
1652044,Alphabet Inc.,8-K,2019-12-04,"edgar/data/1652044/0001193125-19-305505.txt
",2019,QTR4
1652044,Alphabet Inc.,8-K,2019-12-09,"edgar/data/1652044/0001652044-19-000040.txt
",2019,QTR4
1652044,Alphabet Inc.,8-K,2019-12-20,"edgar/data/1652044/0001652044-19-000043.txt
",2019,QTR4
1652044,Alphabet Inc.,CORRESP,2019-10-28,"edgar/data/1652044/0001652044-19-000035.txt
",2019,QTR4
1652044,Alphabet Inc.,CORRESP,2019-11-22,"edgar/data/1652044/0001652044-19-000038.txt
",2019,QTR4
1652044,Alphabet Inc.,CORRESP,2019-12-20,"edgar/data/1652044/0001652044-19-000045.txt
",2019,QTR4
1652044,Alphabet Inc.,UPLOAD,2019-10-21,"edgar/data/1652044/0000000000-19-014732.txt
",2019,QTR4
1652044,Alphabet Inc.,10-K,2020-02-04,"edgar/data/1652044/0001652044-20-000008.txt
",2020,QTR1
1652044,Alphabet Inc.,4,2020-01-02,"edgar/data/1652044/0001209191-20-000218.txt
",2020,QTR1
1652044,Alphabet Inc.,4,2020-01-02,"edgar/data/1652044/0001209191-20-000432.txt
",2020,QTR1
1652044,Alphabet Inc.,4,2020-01-02,"edgar/data/1652044/0001209191-20-000455.txt
",2020,QTR1
1652044,Alphabet Inc.,4,2020-01-03,"edgar/data/1652044/0000899243-20-000406.txt
",2020,QTR1
1652044,Alphabet Inc.,4,2020-01-06,"edgar/data/1652044/0001209191-20-002160.txt
",2020,QTR1
1652044,Alphabet Inc.,4,2020-01-07,"edgar/data/1652044/0001209191-20-002282.txt
",2020,QTR1
1652044,Alphabet Inc.,4,2020-01-08,"edgar/data/1652044/0000899243-20-000840.txt
",2020,QTR1
1652044,Alphabet Inc.,4,2020-01-09,"edgar/data/1652044/0001209191-20-002950.txt
",2020,QTR1
1652044,Alphabet Inc.,4,2020-01-10,"edgar/data/1652044/0001209191-20-002981.txt
",2020,QTR1
1652044,Alphabet Inc.,4,2020-01-17,"edgar/data/1652044/0000899243-20-001405.txt
",2020,QTR1
1652044,Alphabet Inc.,4,2020-01-24,"edgar/data/1652044/0000899243-20-001989.txt
",2020,QTR1
1652044,Alphabet Inc.,4,2020-01-29,"edgar/data/1652044/0001209191-20-005463.txt
",2020,QTR1
1652044,Alphabet Inc.,4,2020-02-04,"edgar/data/1652044/0001209191-20-006683.txt
",2020,QTR1
1652044,Alphabet Inc.,4,2020-02-04,"edgar/data/1652044/0001209191-20-006720.txt
",2020,QTR1
1652044,Alphabet Inc.,4,2020-02-06,"edgar/data/1652044/0000899243-20-003534.txt
",2020,QTR1
1652044,Alphabet Inc.,4,2020-02-07,"edgar/data/1652044/0001209191-20-007500.txt
",2020,QTR1
1652044,Alphabet Inc.,4,2020-02-13,"edgar/data/1652044/0000899243-20-004527.txt
",2020,QTR1
1652044,Alphabet Inc.,4,2020-02-19,"edgar/data/1652044/0000899243-20-005207.txt
",2020,QTR1
1652044,Alphabet Inc.,4,2020-02-24,"edgar/data/1652044/0000899243-20-005650.txt
",2020,QTR1
1652044,Alphabet Inc.,4,2020-02-26,"edgar/data/1652044/0001209191-20-013280.txt
",2020,QTR1
1652044,Alphabet Inc.,4,2020-03-02,"edgar/data/1652044/0001209191-20-014814.txt
",2020,QTR1
1652044,Alphabet Inc.,4,2020-03-03,"edgar/data/1652044/0001209191-20-015710.txt
",2020,QTR1
1652044,Alphabet Inc.,4,2020-03-05,"edgar/data/1652044/0001209191-20-016807.txt
",2020,QTR1
1652044,Alphabet Inc.,4,2020-03-27,"edgar/data/1652044/0001209191-20-021403.txt
",2020,QTR1
1652044,Alphabet Inc.,4,2020-03-27,"edgar/data/1652044/0001209191-20-021467.txt
",2020,QTR1
1652044,Alphabet Inc.,4,2020-03-27,"edgar/data/1652044/0001209191-20-021579.txt
",2020,QTR1
1652044,Alphabet Inc.,5,2020-02-11,"edgar/data/1652044/0001209191-20-008216.txt
",2020,QTR1
1652044,Alphabet Inc.,5,2020-02-11,"edgar/data/1652044/0001209191-20-008218.txt
",2020,QTR1
1652044,Alphabet Inc.,5,2020-02-11,"edgar/data/1652044/0001209191-20-008229.txt
",2020,QTR1
1652044,Alphabet Inc.,5,2020-02-11,"edgar/data/1652044/0001209191-20-008257.txt
",2020,QTR1
1652044,Alphabet Inc.,5,2020-02-11,"edgar/data/1652044/0001209191-20-008260.txt
",2020,QTR1
1652044,Alphabet Inc.,8-K,2020-01-10,"edgar/data/1652044/0001193125-20-005271.txt
",2020,QTR1
1652044,Alphabet Inc.,8-K,2020-02-03,"edgar/data/1652044/0001652044-20-000004.txt
",2020,QTR1
1652044,Alphabet Inc.,S-8,2020-02-04,"edgar/data/1652044/0001193125-20-024273.txt
",2020,QTR1
1652044,Alphabet Inc.,SC 13G/A,2020-02-05,"edgar/data/1652044/0000834237-20-004852.txt
",2020,QTR1
1652044,Alphabet Inc.,SC 13G/A,2020-02-07,"edgar/data/1652044/0000315066-20-000789.txt
",2020,QTR1
1652044,Alphabet Inc.,SC 13G/A,2020-02-10,"edgar/data/1652044/0000834237-20-008657.txt
",2020,QTR1
1652044,Alphabet Inc.,SC 13G/A,2020-02-12,"edgar/data/1652044/0001104659-20-018487.txt
",2020,QTR1
1652044,Alphabet Inc.,SC 13G/A,2020-02-12,"edgar/data/1652044/0001104659-20-018660.txt
",2020,QTR1
1652044,Alphabet Inc.,SC 13G/A,2020-02-12,"edgar/data/1652044/0001193125-20-033418.txt
",2020,QTR1
1652044,Alphabet Inc.,SC 13G/A,2020-02-14,"edgar/data/1652044/0001193125-20-035882.txt
",2020,QTR1
1652044,Alphabet Inc.,UPLOAD,2020-02-18,"edgar/data/1652044/0000000000-20-001466.txt
",2020,QTR1
1652044,Alphabet Inc.,10-Q,2020-04-29,"edgar/data/1652044/0001652044-20-000021.txt
",2020,QTR2
1652044,Alphabet Inc.,4,2020-04-02,"edgar/data/1652044/0001209191-20-022467.txt
",2020,QTR2
1652044,Alphabet Inc.,4,2020-04-03,"edgar/data/1652044/0001209191-20-023000.txt
",2020,QTR2
1652044,Alphabet Inc.,4,2020-04-06,"edgar/data/1652044/0001209191-20-023687.txt
",2020,QTR2
1652044,Alphabet Inc.,4,2020-04-08,"edgar/data/1652044/0001209191-20-023926.txt
",2020,QTR2
1652044,Alphabet Inc.,4,2020-04-29,"edgar/data/1652044/0001209191-20-026228.txt
",2020,QTR2
1652044,Alphabet Inc.,4,2020-05-04,"edgar/data/1652044/0001209191-20-026711.txt
",2020,QTR2
1652044,Alphabet Inc.,4,2020-05-05,"edgar/data/1652044/0001209191-20-027352.txt
",2020,QTR2
1652044,Alphabet Inc.,4,2020-05-06,"edgar/data/1652044/0001209191-20-027555.txt
",2020,QTR2
1652044,Alphabet Inc.,4,2020-05-22,"edgar/data/1652044/0001209191-20-031643.txt
",2020,QTR2
1652044,Alphabet Inc.,4,2020-05-28,"edgar/data/1652044/0001209191-20-032535.txt
",2020,QTR2
1652044,Alphabet Inc.,4,2020-06-01,"edgar/data/1652044/0001209191-20-033139.txt
",2020,QTR2
1652044,Alphabet Inc.,4,2020-06-05,"edgar/data/1652044/0001209191-20-034887.txt
",2020,QTR2
1652044,Alphabet Inc.,4,2020-06-29,"edgar/data/1652044/0001209191-20-039337.txt
",2020,QTR2
1652044,Alphabet Inc.,4,2020-06-29,"edgar/data/1652044/0001209191-20-039340.txt
",2020,QTR2
1652044,Alphabet Inc.,4,2020-06-29,"edgar/data/1652044/0001209191-20-039343.txt
",2020,QTR2
1652044,Alphabet Inc.,8-K,2020-04-28,"edgar/data/1652044/0001652044-20-000018.txt
",2020,QTR2
1652044,Alphabet Inc.,8-K,2020-06-05,"edgar/data/1652044/0001652044-20-000027.txt
",2020,QTR2
1652044,Alphabet Inc.,DEF 14A,2020-04-24,"edgar/data/1652044/0001308179-20-000203.txt
",2020,QTR2
1652044,Alphabet Inc.,DEFA14A,2020-04-06,"edgar/data/1652044/0001193125-20-099599.txt
",2020,QTR2
1652044,Alphabet Inc.,DEFA14A,2020-04-24,"edgar/data/1652044/0001308179-20-000204.txt
",2020,QTR2
1652044,Alphabet Inc.,DEFA14A,2020-05-06,"edgar/data/1652044/0001193125-20-133879.txt
",2020,QTR2
1652044,Alphabet Inc.,PX14A6G,2020-05-11,"edgar/data/1652044/0001214659-20-004296.txt
",2020,QTR2
1652044,Alphabet Inc.,PX14A6G,2020-05-29,"edgar/data/1652044/0001214659-20-005182.txt
",2020,QTR2
1652044,Alphabet Inc.,SD,2020-05-28,"edgar/data/1652044/0001652044-20-000023.txt
",2020,QTR2
1652044,Alphabet Inc.,10-Q,2020-07-31,"edgar/data/1652044/0001652044-20-000032.txt
",2020,QTR3
1652044,Alphabet Inc.,424B2,2020-08-04,"edgar/data/1652044/0001193125-20-209443.txt
",2020,QTR3
1652044,Alphabet Inc.,424B5,2020-08-03,"edgar/data/1652044/0001193125-20-207432.txt
",2020,QTR3
1652044,Alphabet Inc.,4,2020-07-02,"edgar/data/1652044/0001209191-20-040110.txt
",2020,QTR3
1652044,Alphabet Inc.,4,2020-07-02,"edgar/data/1652044/0001209191-20-040133.txt
",2020,QTR3
1652044,Alphabet Inc.,4,2020-07-02,"edgar/data/1652044/0001209191-20-040142.txt
",2020,QTR3
1652044,Alphabet Inc.,4,2020-07-02,"edgar/data/1652044/0001209191-20-040155.txt
",2020,QTR3
1652044,Alphabet Inc.,4,2020-07-02,"edgar/data/1652044/0001209191-20-040163.txt
",2020,QTR3
1652044,Alphabet Inc.,4,2020-07-02,"edgar/data/1652044/0001209191-20-040186.txt
",2020,QTR3
1652044,Alphabet Inc.,4,2020-07-02,"edgar/data/1652044/0001209191-20-040195.txt
",2020,QTR3
1652044,Alphabet Inc.,4,2020-07-02,"edgar/data/1652044/0001209191-20-040519.txt
",2020,QTR3
1652044,Alphabet Inc.,4,2020-07-07,"edgar/data/1652044/0001209191-20-041622.txt
",2020,QTR3
1652044,Alphabet Inc.,4,2020-07-29,"edgar/data/1652044/0001209191-20-044008.txt
",2020,QTR3
1652044,Alphabet Inc.,4,2020-08-04,"edgar/data/1652044/0001209191-20-044641.txt
",2020,QTR3
1652044,Alphabet Inc.,4,2020-08-04,"edgar/data/1652044/0001209191-20-044777.txt
",2020,QTR3
1652044,Alphabet Inc.,4,2020-08-05,"edgar/data/1652044/0001209191-20-045255.txt
",2020,QTR3
1652044,Alphabet Inc.,4,2020-08-26,"edgar/data/1652044/0001209191-20-048434.txt
",2020,QTR3
1652044,Alphabet Inc.,4,2020-09-02,"edgar/data/1652044/0001209191-20-049057.txt
",2020,QTR3
1652044,Alphabet Inc.,4,2020-09-09,"edgar/data/1652044/0001209191-20-049897.txt
",2020,QTR3
1652044,Alphabet Inc.,4,2020-09-29,"edgar/data/1652044/0001209191-20-052355.txt
",2020,QTR3
1652044,Alphabet Inc.,4,2020-09-29,"edgar/data/1652044/0001209191-20-052362.txt
",2020,QTR3
1652044,Alphabet Inc.,4,2020-09-29,"edgar/data/1652044/0001209191-20-052364.txt
",2020,QTR3
1652044,Alphabet Inc.,8-K,2020-07-30,"edgar/data/1652044/0001652044-20-000031.txt
",2020,QTR3
1652044,Alphabet Inc.,8-K,2020-08-05,"edgar/data/1652044/0001193125-20-210772.txt
",2020,QTR3
1652044,Alphabet Inc.,8-K,2020-09-25,"edgar/data/1652044/0001193125-20-254587.txt
",2020,QTR3
1652044,Alphabet Inc.,FWP,2020-08-03,"edgar/data/1652044/0001193125-20-208301.txt
",2020,QTR3
1652044,Alphabet Inc.,FWP,2020-08-04,"edgar/data/1652044/0001193125-20-208486.txt
",2020,QTR3
1652044,Alphabet Inc.,S-8,2020-07-31,"edgar/data/1652044/0001193125-20-204854.txt
",2020,QTR3
1652044,Alphabet Inc.,10-Q,2020-10-30,"edgar/data/1652044/0001652044-20-000050.txt
",2020,QTR4
1652044,Alphabet Inc.,3,2020-12-28,"edgar/data/1652044/0001209191-20-065275.txt
",2020,QTR4
1652044,Alphabet Inc.,3,2020-12-28,"edgar/data/1652044/0001209191-20-065279.txt
",2020,QTR4
1652044,Alphabet Inc.,3,2020-12-28,"edgar/data/1652044/0001209191-20-065285.txt
",2020,QTR4
1652044,Alphabet Inc.,4,2020-10-01,"edgar/data/1652044/0001209191-20-052778.txt
",2020,QTR4
1652044,Alphabet Inc.,4,2020-10-05,"edgar/data/1652044/0001209191-20-053881.txt
",2020,QTR4
1652044,Alphabet Inc.,4,2020-10-28,"edgar/data/1652044/0001209191-20-056135.txt
",2020,QTR4
1652044,Alphabet Inc.,4,2020-11-02,"edgar/data/1652044/0001209191-20-056441.txt
",2020,QTR4
1652044,Alphabet Inc.,4,2020-11-06,"edgar/data/1652044/0001209191-20-057237.txt
",2020,QTR4
1652044,Alphabet Inc.,4,2020-11-13,"edgar/data/1652044/0001209191-20-058231.txt
",2020,QTR4
1652044,Alphabet Inc.,4,2020-11-30,"edgar/data/1652044/0001209191-20-060810.txt
",2020,QTR4
1652044,Alphabet Inc.,4,2020-12-01,"edgar/data/1652044/0001209191-20-060934.txt
",2020,QTR4
1652044,Alphabet Inc.,4,2020-12-08,"edgar/data/1652044/0001209191-20-062375.txt
",2020,QTR4
1652044,Alphabet Inc.,4,2020-12-15,"edgar/data/1652044/0001209191-20-063629.txt
",2020,QTR4
1652044,Alphabet Inc.,4,2020-12-30,"edgar/data/1652044/0001209191-20-065467.txt
",2020,QTR4
1652044,Alphabet Inc.,4,2020-12-30,"edgar/data/1652044/0001209191-20-065473.txt
",2020,QTR4
1652044,Alphabet Inc.,4,2020-12-30,"edgar/data/1652044/0001209191-20-065488.txt
",2020,QTR4
1652044,Alphabet Inc.,4,2020-12-30,"edgar/data/1652044/0001209191-20-065492.txt
",2020,QTR4
1652044,Alphabet Inc.,4,2020-12-30,"edgar/data/1652044/0001209191-20-065497.txt
",2020,QTR4
1652044,Alphabet Inc.,4,2020-12-30,"edgar/data/1652044/0001209191-20-065534.txt
",2020,QTR4
1652044,Alphabet Inc.,4,2020-12-31,"edgar/data/1652044/0001209191-20-065628.txt
",2020,QTR4
1652044,Alphabet Inc.,8-K/A,2020-10-27,"edgar/data/1652044/0001193125-20-278427.txt
",2020,QTR4
1652044,Alphabet Inc.,8-K,2020-10-20,"edgar/data/1652044/0001193125-20-272940.txt
",2020,QTR4
1652044,Alphabet Inc.,8-K,2020-10-23,"edgar/data/1652044/0001193125-20-275550.txt
",2020,QTR4
1652044,Alphabet Inc.,8-K,2020-10-26,"edgar/data/1652044/0001652044-20-000038.txt
",2020,QTR4
1652044,Alphabet Inc.,8-K,2020-10-29,"edgar/data/1652044/0001652044-20-000046.txt
",2020,QTR4
1652044,Alphabet Inc.,8-K,2020-12-21,"edgar/data/1652044/0001193125-20-323272.txt
",2020,QTR4
